Order,Taxa,,Degree,Size,SizeType,Mass,lnMass,Code,Bluthgen,,Rank1,Rank2,Spearman,RankDegree,RanklnMass,Spearman,Pearson,
Hymenoptera,Dialictus.imitatus,Dialictus.imitatus.bfi,1,4.18,BL,3.76884539,1.326768692,bfi,0.653347383,bfi,8,18,0.381643947,114,173,0.153804777,0.310649243,0.321263838
Hymenoptera,Dialictus.oblongus,Dialictus.oblongus.bfi,1,5.75,BL,6.198051205,1.824234921,bfi,0.653347383,bwk,8,13,0.2286888,114,147,0.153804777,0.218617477,0.222203731
Hymenoptera,Dialictus.obscurus,Dialictus.obscurus.bfi,1,6,BL,6.623526416,1.890627919,bfi,0.198034427,cer,8,11,-0.472877607,114,140,0.153804777,-0.442477676,-0.475307489
Hymenoptera,Dialictus.zephyrus,Dialictus.zephyrus.bfi,1,6,BL,6.623526416,1.890627919,bfi,0.653347383,gsv,8,11,,114,140,0.153804777,-0.164030648,-0.165526003
Hymenoptera,Dialictus.coeruleus,Dialictus.coeruleus.bfi,1,7,BL,8.424153361,2.13110298,bfi,0.198034427,hnk,8,7,,114,111,0.153804777,0.31595711,0.32714945
Hymenoptera,Andrena.sp,Andrena.sp.bfi,1,8,BL,10.3751337,2.339411953,bfi,0.198034427,nca,8,5,,114,85,0.153804777,-0.289012157,-0.297488051
Hymenoptera,Lasioglossum.forbesii,Lasioglossum.forbesii.bfi,1,8.5,BL,11.40425307,2.433986362,bfi,0.198034427,otw,8,3,,114,69,0.153804777,0.270556391,0.277464061
Hymenoptera,Nomada.luteola,Nomada.luteola.bfi,1,11.25,BL,17.65920943,2.871257428,bfi,0.198034427,ppc,8,1,,114,35,0.153804777,0.170817631,0.172508748
Hymenoptera,Halictus.confusus,Halictus.confusus.bfi,1,1.4,ITD,4.489337823,1.501705213,bfi,0.722526382,pqn,8,17,,114,166,0.153804777,-0.615979399,-0.718500146
Hymenoptera,Augochlora.pura,Augochlora.pura.bfi,1,1.595,ITD,5.114638448,1.632106712,bfi,0.653347383,snk,8,16,,114,161,0.153804777,0.381667752,0.402010317
Hymenoptera,Andrena.miserabilis,Andrena.miserabilis.bfi,2,1.698214286,ITD,5.445612589,1.694810255,bfi,0.414983605,,6,15,,86,159,0.153804777,,
Hymenoptera,Andrena.cressonii,Andrena.cressonii.bfi,2,1.75,ITD,5.611672278,1.724848764,bfi,0.414983605,,6,14,,86,156,0.153804777,0.147609659,
Hymenoptera,Andrena.forbesii,Andrena.forbesii.bfi,3,2.0995,ITD,6.732403399,1.906932197,bfi,0.536003265,,4,10,,69,139,0.153804777,,
Hymenoptera,Andrena.erythronii,Andrena.erythronii.bfi,1,2.29775,ITD,7.368125701,1.997163359,bfi,0.792665681,,8,9,,114,133,0.153804777,,
Hymenoptera,Andrena.rugosa,Andrena.rugosa.bfi,3,2.3,ITD,7.375340709,1.998142099,bfi,0.512002125,,4,8,,69,132,0.153804777,,
Hymenoptera,Andrena.carlini,Andrena.carlini.bfi,4,2.696428571,ITD,8.646556264,2.157161122,bfi,0.575968972,,2,6,,57,107,0.153804777,,
Hymenoptera,Apis.mellifera,Apis.mellifera.bfi,6,3.3,ITD,10.58201058,2.359155444,bfi,0.68279729,,1,4,,31,77,0.153804777,,
Hymenoptera,Bombus.griseocollis,Bombus.griseocollis.bfi,4,4.342857143,ITD,13.92610916,2.633765435,bfi,0.698960164,,2,2,,57,51,0.153804777,,
Diptera,Temnostoma.balyras,Temnostoma.balyras.bwk,1,10,BL,0.126082723,-2.070817056,bwk,0.522534037,,13,30,,114,189,0.153804777,,
Diptera,Blera.badia,Blera.badia.bwk,1,10.5,BL,0.140780789,-1.960551286,bwk,0.407768856,,13,29,,114,188,0.153804777,,
Diptera,Blera.confusa,Blera.confusa.bwk,1,11.5,BL,0.172915012,-1.754955065,bwk,0.639977096,,13,28,,114,185,0.153804777,,
Diptera,Temnostoma.barberi,Temnostoma.barberi.bwk,1,11.75,BL,0.18152697,-1.706351041,bwk,0.478430663,,13,27,,114,184,0.153804777,,
Diptera,Bombylius.major,Bombylius.major.bwk,2,16,BL,0.364726015,-1.008608851,bwk,0.556904675,,4,26,,86,179,0.153804777,,
Hymenoptera,Dialictus.imitatus,Dialictus.imitatus.bwk,2,4.18,BL,3.76884539,1.326768692,bwk,0.565773552,,4,24,,86,173,0.153804777,,
Hymenoptera,Hylaeus.ellipticus,Hylaeus.ellipticus.bwk,1,5,BL,4.983867972,1.606206291,bwk,0.757286858,,13,21,,114,163,0.153804777,,
Hymenoptera,Dialictus.cressonii,Dialictus.cressonii.bwk,4,6.5,BL,7.504437734,2.015494543,bwk,0.590742161,,2,16,,57,130,0.153804777,,
Hymenoptera,Nomada.sayi,Nomada.sayi.bwk,1,6.75,BL,7.959526037,2.074369455,bwk,0.407768856,,13,15,,114,122,0.153804777,,
Hymenoptera,Evylaeus.divergens,Evylaeus.divergens.bwk,2,7,BL,8.424153361,2.13110298,bwk,0.436529701,,4,11,,86,111,0.153804777,,
Hymenoptera,Osmia.proxima,Osmia.proxima.bwk,2,8,BL,10.3751337,2.339411953,bwk,0.50659758,,4,6,,86,85,0.153804777,,
Hymenoptera,Hylaeus.basalis,Hylaeus.basalis.bwk,1,8.5,BL,11.40425307,2.433986362,bwk,0.407768856,,13,4,,114,69,0.153804777,,
Hymenoptera,Nomada.cuneata,Nomada.cuneata.bwk,1,9.5,BL,13.56507335,2.607498353,bwk,0.485916449,,13,2,,114,55,0.153804777,,
Hymenoptera,Sphecodes.sp,Sphecodes.sp.bwk,1,9.75,BL,14.12604296,2.648020112,bwk,0.478430663,,13,1,,114,50,0.153804777,,
Hymenoptera,Andrena.melanochroa,Andrena.melanochroa.bwk,1,1.125,ITD,3.607503608,1.283016012,bwk,0.522534037,,13,25,,114,175,0.153804777,,
Hymenoptera,Hoplitis.producta,Hoplitis.producta.bwk,1,1.2375,ITD,3.968253968,1.378326191,bwk,0.839584274,,13,23,,114,172,0.153804777,,
Hymenoptera,Halictus.confusus,Halictus.confusus.bwk,1,1.4,ITD,4.489337823,1.501705213,bwk,0.407768856,,13,22,,114,166,0.153804777,,
Hymenoptera,Osmia.pumila,Osmia.pumila.bwk,1,1.614444444,ITD,5.176990361,1.644223876,bwk,0.582160877,,13,20,,114,160,0.153804777,,
Hymenoptera,Halictus.rubicundus,Halictus.rubicundus.bwk,2,1.75,ITD,5.611672278,1.724848764,bwk,0.491242693,,4,19,,86,156,0.153804777,,
Hymenoptera,Andrena.miranda,Andrena.miranda.bwk,2,2.0375,ITD,6.533589867,1.876956542,bwk,0.473663461,,4,18,,86,144,0.153804777,,
Hymenoptera,Andrena.wilkella,Andrena.wilkella.bwk,1,2.15,ITD,6.894340228,1.930700818,bwk,0.632249955,,13,17,,114,136,0.153804777,,
Hymenoptera,Andrena.thaspii,Andrena.thaspii.bwk,1,2.5625,ITD,8.21709155,2.10621632,bwk,0.407768856,,13,14,,114,121,0.153804777,,
Hymenoptera,Andrena.rufosignata,Andrena.rufosignata.bwk,1,2.566666667,ITD,8.230452676,2.107841016,bwk,0.478430663,,13,13,,114,120,0.153804777,,
Hymenoptera,Andrena.nivalis,Andrena.nivalis.bwk,2,2.62108,ITD,8.404938272,2.128819423,bwk,0.436529701,,4,12,,86,116,0.153804777,,
Hymenoptera,Andrena.sigmundi,Andrena.sigmundi.bwk,1,2.7375,ITD,8.778258778,2.172278071,bwk,0.407768856,,13,10,,114,106,0.153804777,,
Hymenoptera,Bombus.ternarius,Bombus.ternarius.bwk,2,2.8625,ITD,9.179092512,2.216928345,bwk,0.600553426,,4,9,,86,100,0.153804777,,
Hymenoptera,Bombus.vagans,Bombus.vagans.bwk,8,3.115833333,ITD,9.991448879,2.301729615,bwk,0.673834397,,1,8,,20,95,0.153804777,,
Hymenoptera,Bombus.terricola,Bombus.terricola.bwk,4,3.1875,ITD,10.22126022,2.324469886,bwk,0.600249189,,2,7,,57,93,0.153804777,,
Hymenoptera,Osmia.lignaria,Osmia.lignaria.bwk,1,3.4,ITD,10.90267757,2.389008408,bwk,0.632249955,,13,5,,114,73,0.153804777,,
Hymenoptera,Bombus.perplexus,Bombus.perplexus.bwk,2,3.668823529,ITD,11.76470588,2.465104022,bwk,0.560460586,,4,3,,86,67,0.153804777,,
Hymenoptera,Arhysoceble.sp,Arhysoceble.sp.cer,1,7,BL,8.424153361,2.13110298,cer,0.813763109,,10,12,,114,111,0.153804777,,
Hymenoptera,Ceratina.sp,Ceratina.sp.cer,21,7.35,BL,9.090370224,2.207215636,cer,0.75932562,,2,11,,4,101,0.153804777,,
Hymenoptera,Lasioglossum.sp,Lasioglossum.sp.cer,1,7.5,BL,9.381426773,2.238731859,cer,0.686636654,,10,10,,114,98,0.153804777,,
Hymenoptera,Exomalopsis.sp,Exomalopsis.sp.cer,8,8,BL,10.3751337,2.339411953,cer,0.711807207,,5,9,,20,85,0.153804777,,
Hymenoptera,Augochloropsis.sp,Augochloropsis.sp.cer,11,9,BL,12.46785196,2.523153488,cer,0.649286834,,4,7,,12,60,0.153804777,,
Hymenoptera,Rhinocorynura.sp,Rhinocorynura.sp.cer,2,9.5,BL,13.56507335,2.607498353,cer,0.659121986,,9,6,,86,55,0.153804777,,
Hymenoptera,Monoeca.sp,Monoeca.sp.cer,5,10,BL,14.69512627,2.687515893,cer,0.756125592,,7,5,,41,48,0.153804777,,
Hymenoptera,Colletes.sp,Colletes.sp.cer,1,11.5,BL,18.2751922,2.905544523,cer,0.536289491,,10,4,,114,32,0.153804777,,
Hymenoptera,Coelioxys.sp,Coelioxys.sp.cer,1,13.5,BL,23.46896844,3.155679057,cer,0.6026345,,10,3,,114,17,0.153804777,,
Hymenoptera,Euglossa.sp,Euglossa.sp.cer,3,14,BL,24.83893996,3.212412581,cer,0.713600584,,8,2,,69,16,0.153804777,,
Hymenoptera,Megachile.sp,Megachile.sp.cer,1,22,BL,50.27507235,3.917509375,cer,0.659282811,,10,1,,114,1,0.153804777,,
Hymenoptera,Trigona.spinipes,Trigona.spinipes.cer,14,1.8,ITD,5.772005772,1.753019641,cer,0.762024448,,3,14,,7,154,0.153804777,,
Hymenoptera,Tetrapedia.diversipes,Tetrapedia.diversipes.cer,7,2.11,ITD,6.766073433,1.911920924,cer,0.680651531,,6,13,,24,138,0.153804777,,
Hymenoptera,Apis.mellifera,Apis.mellifera.cer,27,3.3,ITD,10.58201058,2.359155444,cer,0.86750143,,1,8,,1,77,0.153804777,,
Hymenoptera,Anthidiellum.sp,Anthidiellum.sp.gsv,1,7.25,BL,8.898168231,2.185845439,gsv,0.872873545,,,,,114,105,0.153804777,,
Hymenoptera,Ceratina.sp,Ceratina.sp.gsv,1,7.35,BL,9.090370224,2.207215636,gsv,0.813763109,,,,,114,101,0.153804777,,
Hymenoptera,Augochlora.sp,Augochlora.sp.gsv,2,8,BL,10.3751337,2.339411953,gsv,0.730993608,,,,,86,85,0.153804777,,
Hymenoptera,Exomalopsis.sp,Exomalopsis.sp.gsv,1,8,BL,10.3751337,2.339411953,gsv,0.839584274,,,,,114,85,0.153804777,,
Hymenoptera,Augochloropsis.sp,Augochloropsis.sp.gsv,1,9,BL,12.46785196,2.523153488,gsv,0.919792137,,,,,114,60,0.153804777,,
Hymenoptera,Megachile.sp,Megachile.sp.gsv,1,22,BL,50.27507235,3.917509375,gsv,0.839584274,,,,,114,1,0.153804777,,
Hymenoptera,Apis.mellifera,Apis.mellifera.gsv,8,3.3,ITD,10.58201058,2.359155444,gsv,0.814354211,,,,,20,77,0.153804777,,
Hymenoptera,Andrena.pubescens,Andrena.pubescens.hnk,2,1.4,BL,0.684121214,-0.379620164,hnk,0.147452861,,,,,86,177,0.153804777,,
Hymenoptera,Cheilosia.albitarsis,Cheilosia.albitarsis.hnk,2,8.25,BL,10.88532705,2.38741574,hnk,0.597899283,,,,,86,75,0.153804777,,
Hymenoptera,Megachile.willughbiella,Megachile.willughbiella.hnk,1,15,BL,27.66149741,3.320041461,hnk,0.390251919,,,,,114,13,0.153804777,,
Hymenoptera,Lasioglossum.villosulum,Lasioglossum.villosulum.hnk,1,1.33,ITD,4.264870932,1.450411918,hnk,0.524308231,,,,,114,168,0.153804777,,
Hymenoptera,Lasioglossum.calceatum,Lasioglossum.calceatum.hnk,1,1.82,ITD,5.836139169,1.764069477,hnk,0.524308231,,,,,114,152,0.153804777,,
Hymenoptera,Lasioglossum.leucozonium,Lasioglossum.leucozonium.hnk,1,1.91,ITD,6.124739458,1.812336218,hnk,0.524308231,,,,,114,149,0.153804777,,
Hymenoptera,Andrena.wilkella,Andrena.wilkella.hnk,5,2.15,ITD,6.894340228,1.930700818,hnk,0.495312546,,,,,41,136,0.153804777,,
Hymenoptera,Andrena.haemorrhoa,Andrena.haemorrhoa.hnk,3,2.63,ITD,8.433541767,2.132216822,hnk,0.380158053,,,,,69,110,0.153804777,,
Hymenoptera,Bombus.pascuorum,Bombus.pascuorum.hnk,10,4.32,ITD,13.85281385,2.628488378,hnk,0.523445935,,,,,14,53,0.153804777,,
Hymenoptera,Bombus.pratorum,Bombus.pratorum.hnk,3,4.61,ITD,14.78274812,2.693460833,hnk,0.350103405,,,,,69,46,0.153804777,,
Hymenoptera,Bombus.lapidarius,Bombus.lapidarius.hnk,1,4.97,ITD,15.93714927,2.768652816,hnk,0.189007414,,,,,114,40,0.153804777,,
Hymenoptera,Bombus.hortorum,Bombus.hortorum.hnk,5,5.77,ITD,18.50248517,2.917905057,hnk,0.414007377,,,,,41,30,0.153804777,,
Hymenoptera,Bombus.terrestris,Bombus.terrestris.hnk,10,6.15,ITD,19.72101972,2.981685058,hnk,0.92049741,,,,,14,23,0.153804777,,
Diptera,Bombylius.major,Bombylius.major.nca,9,16,BL,0.364726015,-1.008608851,nca,0.808496561,,,,,18,179,0.153804777,,
Hymenoptera,Dialictus.abanci,Dialictus.abanci.nca,6,6,BL,6.623526416,1.890627919,nca,0.448238158,,,,,31,140,0.153804777,,
Hymenoptera,Dialictus.cressonii,Dialictus.cressonii.nca,3,6.5,BL,7.504437734,2.015494543,nca,0.397797899,,,,,69,130,0.153804777,,
Hymenoptera,Nomada.sayi,Nomada.sayi.nca,1,6.75,BL,7.959526037,2.074369455,nca,0.371234215,,,,,114,122,0.153804777,,
Hymenoptera,Lasioglossum.fuscipenne,Lasioglossum.fuscipenne.nca,1,9,BL,12.46785196,2.523153488,nca,0.421745151,,,,,114,60,0.153804777,,
Hymenoptera,Osmia.conjucta,Osmia.conjucta.nca,6,9,BL,12.46785196,2.523153488,nca,0.422722762,,,,,31,60,0.153804777,,
Hymenoptera,Nomada.sp,Nomada.sp.nca,6,9.5,BL,13.56507335,2.607498353,nca,0.573074062,,,,,31,55,0.153804777,,
Hymenoptera,Osmia.sp,Osmia.sp.nca,5,10.5,BL,15.85727759,2.763628549,nca,0.379875441,,,,,41,42,0.153804777,,
Hymenoptera,Nomada.luteola,Nomada.luteola.nca,1,11.25,BL,17.65920943,2.871257428,nca,0.4850284,,,,,114,35,0.153804777,,
Hymenoptera,Osmia.simillima,Osmia.simillima.nca,1,11.5,BL,18.2751922,2.905544523,nca,0.618620634,,,,,114,32,0.153804777,,
Hymenoptera,Ceratina.calcarata,Ceratina.calcarata.nca,3,1.273809524,ITD,4.084686625,1.407245012,nca,0.365271874,,,,,69,171,0.153804777,,
Hymenoptera,Andrena.erigeniae,Andrena.erigeniae.nca,4,1.3,ITD,4.168670835,1.42759724,nca,0.771558872,,,,,57,170,0.153804777,,
Hymenoptera,Nomada.pygmaea,Nomada.pygmaea.nca,3,1.456666667,ITD,4.671049117,1.541383697,nca,0.406235392,,,,,69,165,0.153804777,,
Hymenoptera,Augochlora.pura,Augochlora.pura.nca,4,1.595,ITD,5.114638448,1.632106712,nca,0.408645536,,,,,57,161,0.153804777,,
Hymenoptera,Andrena.nasonii,Andrena.nasonii.nca,3,1.8,ITD,5.772005772,1.753019641,nca,0.465699285,,,,,69,154,0.153804777,,
Hymenoptera,Andrena.imitatrix,Andrena.imitatrix.nca,1,1.9,ITD,6.092672759,1.807086862,nca,0.198034427,,,,,114,150,0.153804777,,
Hymenoptera,Osmia.atriventris,Osmia.atriventris.nca,2,1.922,ITD,6.163219497,1.818599287,nca,0.59900969,,,,,86,148,0.153804777,,
Hymenoptera,Andrena.tridens,Andrena.tridens.nca,5,2.39,ITD,7.663940997,2.036526342,nca,0.65748708,,,,,41,129,0.153804777,,
Hymenoptera,Andrena.dunningi,Andrena.dunningi.nca,1,2.4375,ITD,7.816257816,2.0562059,nca,0.421745151,,,,,114,127,0.153804777,,
Hymenoptera,Andrena.nigrihirta,Andrena.nigrihirta.nca,6,2.45,ITD,7.85634119,2.061321001,nca,0.830206191,,,,,31,126,0.153804777,,
Hymenoptera,Andrena.ceanothi,Andrena.ceanothi.nca,1,2.583333333,ITD,8.283897172,2.114313531,nca,0.198034427,,,,,114,119,0.153804777,,
Hymenoptera,Andrena.carlini,Andrena.carlini.nca,7,2.696428571,ITD,8.646556264,2.157161122,nca,0.482624084,,,,,24,107,0.153804777,,
Hymenoptera,Apis.mellifera,Apis.mellifera.nca,6,3.3,ITD,10.58201058,2.359155444,nca,0.649695198,,,,,31,77,0.153804777,,
Hymenoptera,Osmia.lignaria,Osmia.lignaria.nca,3,3.4,ITD,10.90267757,2.389008408,nca,0.368436199,,,,,69,73,0.153804777,,
Hymenoptera,Bombus.bimaculatus,Bombus.bimaculatus.nca,7,3.7375,ITD,11.98492865,2.483649915,nca,0.877625522,,,,,24,64,0.153804777,,
Hymenoptera,Xylocopa.virginica,Xylocopa.virginica.nca,6,6.068666667,ITD,19.46021057,2.968371897,nca,0.479655681,,,,,31,28,0.153804777,,
Hymenoptera,Dialictus.pilosus,Dialictus.pilosus.otw,3,6,BL,6.623526416,1.890627919,otw,0.676623664,,,,,69,140,0.153804777,,
Hymenoptera,Andrena.carolina,Andrena.carolina.otw,4,1.7,ITD,5.451338785,1.695861227,otw,0.553670899,,,,,57,158,0.153804777,,
Hymenoptera,Andrena.bradleyi,Andrena.bradleyi.otw,5,2.033333333,ITD,6.520228741,1.874909458,otw,0.70665276,,,,,41,145,0.153804777,,
Hymenoptera,Andrena.mandibularis,Andrena.mandibularis.otw,6,2.18,ITD,6.990540324,1.944557853,otw,0.680971448,,,,,31,135,0.153804777,,
Hymenoptera,Andrena.vicina,Andrena.vicina.otw,8,2.48125,ITD,7.956549623,2.073995441,otw,0.673209198,,,,,20,124,0.153804777,,
Hymenoptera,Andrena.regularis,Andrena.regularis.otw,7,2.6,ITD,8.337341671,2.120744421,otw,0.673377865,,,,,24,117,0.153804777,,
Hymenoptera,Andrena.carlini,Andrena.carlini.otw,5,2.696428571,ITD,8.646556264,2.157161122,otw,0.551798542,,,,,41,107,0.153804777,,
Hymenoptera,Colletes.inaequalis,Colletes.inaequalis.otw,5,2.862666667,ITD,9.179626958,2.216986567,otw,0.751040182,,,,,41,99,0.153804777,,
Hymenoptera,Bombus.terricola,Bombus.terricola.otw,5,3.1875,ITD,10.22126022,2.324469886,otw,0.728386697,,,,,41,93,0.153804777,,
Hymenoptera,Apis.mellifera,Apis.mellifera.otw,5,3.3,ITD,10.58201058,2.359155444,otw,0.670144472,,,,,41,77,0.153804777,,
Coleoptera,Cortodera.longicornis,Cortodera.longicornis.ppc,5,11,BL,0.114476163,-2.167388661,ppc,0.553203945,,,,,41,191,0.153804777,,
Diptera,Anthrax.lateralis,Anthrax.lateralis.ppc,1,10,BL,0.126082723,-2.070817056,ppc,0.522426637,,,,,114,189,0.153804777,,
Diptera,Anthrax.fulviana,Anthrax.fulviana.ppc,1,11,BL,0.156387864,-1.85541605,ppc,0.642318519,,,,,114,187,0.153804777,,
Diptera,Anthrax.tegminipennis,Anthrax.tegminipennis.ppc,1,11.5,BL,0.172915012,-1.754955065,ppc,0.642318519,,,,,114,185,0.153804777,,
Diptera,Anthrax.alternata,Anthrax.alternata.ppc,1,12.5,BL,0.20877198,-1.566512627,ppc,0.67215334,,,,,114,183,0.153804777,,
Diptera,Anthrax.hypomelas,Anthrax.hypomelas.ppc,2,14,BL,0.269714901,-1.3103898,ppc,0.803611759,,,,,86,181,0.153804777,,
Hymenoptera,Dolichovespula.arctica,Dolichovespula.arctica.ppc,2,1.5,BL,0.761860901,-0.271991285,ppc,0.631762652,,,,,86,176,0.153804777,,
Hymenoptera,Prosopis.elliptica,Prosopis.elliptica.ppc,13,5,BL,4.983867972,1.606206291,ppc,0.585507286,,,,,8,163,0.153804777,,
Hymenoptera,Panurginus.sp,Panurginus.sp.ppc,5,7,BL,8.424153361,2.13110298,ppc,0.633798873,,,,,41,111,0.153804777,,
Hymenoptera,Ceratina.sp,Ceratina.sp.ppc,3,7.35,BL,9.090370224,2.207215636,ppc,0.617100694,,,,,69,101,0.153804777,,
Hymenoptera,Andrena.sp,Andrena.sp.ppc,3,8,BL,10.3751337,2.339411953,ppc,0.628297452,,,,,69,85,0.153804777,,
Hymenoptera,Osmia.melanotricha,Osmia.melanotricha.ppc,6,8,BL,10.3751337,2.339411953,ppc,0.625222982,,,,,31,85,0.153804777,,
Hymenoptera,Prosopis.basalis,Prosopis.basalis.ppc,7,8.5,BL,11.40425307,2.433986362,ppc,0.56738265,,,,,24,69,0.153804777,,
Hymenoptera,Halictus.sp,Halictus.sp.ppc,22,9.25,BL,13.01231072,2.565895888,ppc,0.648387105,,,,,2,59,0.153804777,,
Hymenoptera,Nomada.sp,Nomada.sp.ppc,2,9.5,BL,13.56507335,2.607498353,ppc,0.651161521,,,,,86,55,0.153804777,,
Hymenoptera,Osmia.wardiana,Osmia.wardiana.ppc,1,10,BL,14.69512627,2.687515893,ppc,0.554478297,,,,,114,48,0.153804777,,
Hymenoptera,Bombus.dorsalis,Bombus.dorsalis.ppc,1,10.5,BL,15.85727759,2.763628549,ppc,0.745747089,,,,,114,42,0.153804777,,
Hymenoptera,Osmia.propinqua,Osmia.propinqua.ppc,5,10.5,BL,15.85727759,2.763628549,ppc,0.574398441,,,,,41,42,0.153804777,,
Hymenoptera,Osmia.sp,Osmia.sp.ppc,3,10.5,BL,15.85727759,2.763628549,ppc,0.638837539,,,,,69,42,0.153804777,,
Hymenoptera,Bombus.bifarius,Bombus.bifarius.ppc,21,11,BL,17.05084518,2.836199773,ppc,0.608585874,,,,,4,37,0.153804777,,
Hymenoptera,Bombus.centralis,Bombus.centralis.ppc,5,11,BL,17.05084518,2.836199773,ppc,0.581934725,,,,,41,37,0.153804777,,
Hymenoptera,Osmia.coloradella,Osmia.coloradella.ppc,2,11,BL,17.05084518,2.836199773,ppc,0.572173603,,,,,86,37,0.153804777,,
Hymenoptera,Colletes.sp,Colletes.sp.ppc,1,11.5,BL,18.2751922,2.905544523,ppc,0.610351725,,,,,114,32,0.153804777,,
Hymenoptera,Bombus.rufocinctus,Bombus.rufocinctus.ppc,12,11.75,BL,18.89872015,2.939094203,ppc,0.59439338,,,,,11,29,0.153804777,,
Hymenoptera,Andrena.edwiniae,Andrena.edwiniae.ppc,2,12,BL,19.52972221,2.971937521,ppc,0.642759362,,,,,86,25,0.153804777,,
Hymenoptera,Monumetha.albifrons,Monumetha.albifrons.ppc,13,12,BL,19.52972221,2.971937521,ppc,0.585224321,,,,,8,25,0.153804777,,
Hymenoptera,Monumetha.argentifrons,Monumetha.argentifrons.ppc,1,12,BL,19.52972221,2.971937521,ppc,0.554478297,,,,,114,25,0.153804777,,
Hymenoptera,Melissodes.sp,Melissodes.sp.ppc,1,12.25,BL,20.16812946,3.004103609,ppc,0.522426637,,,,,114,22,0.153804777,,
Hymenoptera,Melissodes.aurigenia,Melissodes.aurigenia.ppc,1,12.75,BL,21.46689393,3.066511931,ppc,0.554478297,,,,,114,21,0.153804777,,
Hymenoptera,Megachile.wootoni,Megachile.wootoni.ppc,13,13,BL,22.12712309,3.096804145,ppc,0.594786842,,,,,8,19,0.153804777,,
Hymenoptera,Vespa.germanica,Vespa.germanica.ppc,7,13,BL,22.12712309,3.096804145,ppc,0.613385569,,,,,24,19,0.153804777,,
Hymenoptera,Megachile.vidua,Megachile.vidua.ppc,1,13.5,BL,23.46896844,3.155679057,ppc,0.554478297,,,,,114,17,0.153804777,,
Hymenoptera,Bombus.flavifrons,Bombus.flavifrons.ppc,16,14.5,BL,26.23659103,3.267155041,ppc,0.634847287,,,,,6,15,0.153804777,,
Hymenoptera,Anthophora.occidentalis,Anthophora.occidentalis.ppc,1,15,BL,27.66149741,3.320041461,ppc,0.554478297,,,,,114,13,0.153804777,,
Hymenoptera,Anthophora.simillima,Anthophora.simillima.ppc,11,15.5,BL,29.11325547,3.371193585,ppc,0.705814601,,,,,12,11,0.153804777,,
Hymenoptera,Osmia.megacephala,Osmia.megacephala.ppc,1,15.5,BL,29.11325547,3.371193585,ppc,0.745747089,,,,,114,11,0.153804777,,
Hymenoptera,Psithyrus.fernaldae,Psithyrus.fernaldae.ppc,1,15.75,BL,29.84908294,3.396154117,ppc,0.614412334,,,,,114,10,0.153804777,,
Hymenoptera,Bombus.americanorum,Bombus.americanorum.ppc,3,16,BL,30.59148047,3.420721554,ppc,0.695796989,,,,,69,9,0.153804777,,
Hymenoptera,Bombus.nevadensis,Bombus.nevadensis.ppc,5,17,BL,33.62587851,3.515295964,ppc,0.658511213,,,,,41,8,0.153804777,,
Hymenoptera,Psithyrus.ashtoni,Psithyrus.ashtoni.ppc,1,17.5,BL,35.18136439,3.560516522,ppc,0.554478297,,,,,114,7,0.153804777,,
Hymenoptera,Megachile.sp,Megachile.sp.ppc,2,22,BL,50.27507235,3.917509375,ppc,0.793928323,,,,,86,1,0.153804777,,
Hymenoptera,Andrena.imitatrix,Andrena.imitatrix.ppc,1,1.9,ITD,6.092672759,1.807086862,ppc,0.722526382,,,,,114,150,0.153804777,,
Hymenoptera,Andrena.canadensis,Andrena.canadensis.ppc,2,1.983333333,ITD,6.359895248,1.850011907,ppc,0.540844181,,,,,86,146,0.153804777,,
Hymenoptera,Andrena.crataegi,Andrena.crataegi.ppc,9,2.2,ITD,7.054673721,1.953690336,ppc,0.607857288,,,,,18,134,0.153804777,,
Hymenoptera,Coelioxys.modesta,Coelioxys.modesta.ppc,2,2.43,ITD,7.792207792,2.053124233,ppc,0.532770537,,,,,86,128,0.153804777,,
Hymenoptera,Andrena.vicina,Andrena.vicina.ppc,10,2.48125,ITD,7.956549623,2.073995441,ppc,0.600527342,,,,,14,124,0.153804777,,
Hymenoptera,Andrena.prunorum,Andrena.prunorum.ppc,4,2.6,ITD,8.337341671,2.120744421,ppc,0.595242358,,,,,57,117,0.153804777,,
Hymenoptera,Colletes.kincaidii,Colletes.kincaidii.ppc,4,2.625,ITD,8.417508418,2.130313872,ppc,0.585381055,,,,,57,115,0.153804777,,
Hymenoptera,Colletes.americanus,Colletes.americanus.ppc,2,2.8125,ITD,9.018759019,2.199306744,ppc,0.608669416,,,,,86,104,0.153804777,,
Hymenoptera,Megachile.relativa,Megachile.relativa.ppc,4,2.984375,ITD,9.569905403,2.258623321,ppc,0.566699501,,,,,57,97,0.153804777,,
Hymenoptera,Andrena.braccata,Andrena.braccata.ppc,1,3.0375,ITD,9.74025974,2.276267785,ppc,0.528165771,,,,,114,96,0.153804777,,
Hymenoptera,Megachile.gemula,Megachile.gemula.ppc,1,3.225,ITD,10.34151034,2.336165926,ppc,0.554478297,,,,,114,92,0.153804777,,
Hymenoptera,Apis.mellifera,Apis.mellifera.ppc,22,3.3,ITD,10.58201058,2.359155444,ppc,0.673310635,,,,,2,77,0.153804777,,
Hymenoptera,Megachile.texana,Megachile.texana.ppc,2,3.340833333,ITD,10.7129496,2.371453253,ppc,0.541358271,,,,,86,76,0.153804777,,
Hymenoptera,Megachile.pugnata,Megachile.pugnata.ppc,5,3.53125,ITD,11.32355299,2.426884892,ppc,0.59378455,,,,,41,72,0.153804777,,
Hymenoptera,Bombus.fervidus,Bombus.fervidus.ppc,6,3.627,ITD,11.63059163,2.453638836,ppc,0.667521391,,,,,31,68,0.153804777,,
Hymenoptera,Anthophora.bomboides,Anthophora.bomboides.ppc,1,3.7,ITD,11.86467853,2.473565796,ppc,0.549656121,,,,,114,65,0.153804777,,
Hymenoptera,Anthophora.neomexicana,Anthophora.neomexicana.ppc,1,3.7,ITD,11.86467853,2.473565796,ppc,0.576069182,,,,,114,65,0.153804777,,
Hymenoptera,Epicharis.sp,Epicharis.sp.pqn,4,20,BL,43.3291446,3.768825494,pqn,0.283560365,,,,,57,6,0.153804777,,
Hymenoptera,Centris.sp,Centris.sp.pqn,2,20.5,BL,45.03076711,3.80734597,pqn,0.356348306,,,,,86,5,0.153804777,,
Hymenoptera,Xylocopa.sp,Xylocopa.sp.pqn,2,21.5,BL,48.50397368,3.881645726,pqn,0.334739984,,,,,86,4,0.153804777,,
Hymenoptera,Apis.mellifera,Apis.mellifera.pqn,4,3.3,ITD,10.58201058,2.359155444,pqn,0.272161667,,,,,57,77,0.153804777,,
Diptera,Volucella.bombylans,Volucella.bombylans.snk,1,14,BL,0.269714901,-1.3103898,snk,0.137105904,,,,,114,181,0.153804777,,
Hymenoptera,Andrena.pubescens,Andrena.pubescens.snk,1,1.4,BL,0.684121214,-0.379620164,snk,0.524308231,,,,,114,177,0.153804777,,
Hymenoptera,Lasioglossum.villosulum,Lasioglossum.villosulum.snk,1,1.33,ITD,4.264870932,1.450411918,snk,0.524308231,,,,,114,168,0.153804777,,
Hymenoptera,Lasioglossum.calceatum,Lasioglossum.calceatum.snk,1,1.82,ITD,5.836139169,1.764069477,snk,0.524308231,,,,,114,152,0.153804777,,
Hymenoptera,Apis.mellifera,Apis.mellifera.snk,1,3.3,ITD,10.58201058,2.359155444,snk,0.477134005,,,,,114,77,0.153804777,,
Hymenoptera,Bombus.pascuorum,Bombus.pascuorum.snk,7,4.32,ITD,13.85281385,2.628488378,snk,0.525081777,,,,,24,53,0.153804777,,
Hymenoptera,Anthophora.plumipes,Anthophora.plumipes.snk,1,4.33,ITD,13.88488055,2.630800518,snk,0.943004148,,,,,114,52,0.153804777,,
Hymenoptera,Bombus.pratorum,Bombus.pratorum.snk,3,4.61,ITD,14.78274812,2.693460833,snk,0.426598228,,,,,69,46,0.153804777,,
Hymenoptera,Bombus.lapidarius,Bombus.lapidarius.snk,10,4.97,ITD,15.93714927,2.768652816,snk,0.821078489,,,,,14,40,0.153804777,,
Hymenoptera,Bombus.hortorum,Bombus.hortorum.snk,1,5.77,ITD,18.50248517,2.917905057,snk,0.236608076,,,,,114,30,0.153804777,,
Hymenoptera,Bombus.terrestris,Bombus.terrestris.snk,3,6.15,ITD,19.72101972,2.981685058,snk,0.363472649,,,,,69,23,0.153804777,,
