Order,Taxa,Freq,SystemCode,Size,SizeType
NA,Zeraea.americana,2,bwk,NA,NA
Hymenoptera,Paraxystoglossa.mimetica,7,cer,NA,NA
Hymenoptera,Augochlorensis.callichroa,6,gsv,NA,NA
NA,Oxyssarcodexia.peltata,2,gsv,NA,NA
NA,Chrysagria.duodecimpuntata,1,gsv,NA,NA
NA,Euhibus.sp,1,gsv,NA,NA
Diptera,Sarcophagula.occidua,1,gsv,NA,NA
NA,Pollenia.sp,56,hnk,NA,NA
Apodiformes,Phaethornis.eurynome,1157,hum,4500,Mass
Apodiformes,Thalurania.glaucopis,814,hum,4642.85,Mass
Apodiformes,Clytolaema.rubricauda,590,hum,7909,Mass
Apodiformes,Leucochloris.albicollis,61,hum,6250,Mass
Apodiformes,Stephanoxis.lalandi,54,hum,2800,Mass
Apodiformes,Florisuga.fusca,47,hum,7700,Mass
Apodiformes,Lophornis.chalybeus,12,hum,3000,Mass
Apodiformes,Eupetomena.macroura,1,hum,8600,Mass
NA,Unidentified.sp,2,nca,NA,NA
NA,Lemonias.nubigena,3,ppc,NA,NA
NA,Erynnis.leonardus,2,ppc,NA,NA
NA,Melitaea.sp,2,ppc,NA,NA
NA,Curtipogon.leucozona,1,ppc,NA,NA
NA,Dasasyrphus.venustus,1,ppc,NA,NA
NA,Echinomyia.decias,1,ppc,NA,NA
NA,Erizoa.olivalis,1,ppc,NA,NA
NA,Halictoides.mamus,1,ppc,NA,NA
NA,Lycaena.pseudargiolus,1,ppc,NA,NA
NA,Manduca.quinquemaculatus,1,ppc,NA,NA
NA,Spegina.infuscata,1,ppc,NA,NA
NA,Sterictophora.sp,1,ppc,NA,NA
NA,Theventimtia.muricatus,1,ppc,NA,NA
NA,Trichopticus.septentrionalis,1,ppc,NA,NA
NA,Pollenia.sp,2,snk,NA,NA
NA,Panameria.tenebrata,1,snk,NA,NA
NA,Unidentified.sp,2,tun,NA,NA
NA,Nowickia.sp,2,tun,NA,NA
Apodiformes,Amazilia.fimbriata,2,gsv,5700,Mass
Apodiformes,Amazilia.tobaci,2,gsv,4275,Mass
Apodiformes,Amazilia.versicolor,57,hum,4100,Mass
Apodiformes,Selasphorus.platycercus,6,ppc,97.5,BL
Coleoptera,Eusphalerum.sp,104,bwk,2.8,BL
Coleoptera,Eusphalerum.phothos,14,bwk,2.4,BL
Coleoptera,Pidonia.ruficollis,9,bwk,8.4,BL
Coleoptera,Eusphalerum.convexum,8,bwk,2.3,BL
Coleoptera,Anthaxia.expansa,4,bwk,5.55,BL
Coleoptera,Tychius.stephensi,3,bwk,2.3,BL
Coleoptera,Acmaeopsoides.rufula,1,bwk,12,BL
Coleoptera,Anthonomus.sp,1,bwk,3,BL
Coleoptera,Cantharis.sp,1,bwk,11,BL
Coleoptera,Cateretes.pennatus,1,bwk,2.47,BL
Coleoptera,Dalopius.sp,1,bwk,8.08,BL
Coleoptera,Evodinus.monticola,1,bwk,8,BL
Coleoptera,Judolia.montivagans,1,bwk,10,BL
Coleoptera,Orsodacne.atra,1,bwk,7,BL
Coleoptera,Trachysida.aspera,1,bwk,14,BL
Coleoptera,Cyclocephala.gravis,1,gsv,14.8,BL
Coleoptera,Cordylepherus.viridis,1,hnk,5,BL
Coleoptera,Rhagonycha.fulva,1,hnk,8.5,BL
Coleoptera,Cyphon.variabilis,37,otw,3.5,BL
Coleoptera,Macrodactlyus.subspinosus,15,otw,10.5,BL
Coleoptera,Cortodera.longicornis,5,ppc,11,BL
Coleoptera,Acmaeops.pratensis,3,ppc,7,BL
Coleoptera,Mordella.melaena,1,ppc,6,BL
Coleoptera,Tetraopes.sp,1,ppc,9,BL
Coleoptera,Trichiotinus.affinis,1,ppc,11,BL
Coleoptera,Trichodes.ornatus,1,ppc,10,BL
Diptera,Temnostoma.sp,2,bbg,16.7,BL
Diptera,Helophilus.fasciatus,3,bfi,14,BL
Diptera,Melanostoma.sp,3,bfi,7,BL
Diptera,Metasyrphus.americanus,3,bfi,10,BL
Diptera,Syrphus.torvus,3,bfi,3.6,HW
Diptera,Eristalis.dimidiatus,2,bfi,12,BL
Diptera,Syrphus.sp,2,bfi,10,BL
Diptera,Carposcalis.obscura,1,bfi,7.95,BL
Diptera,Chalcosyrphus.nemorum,1,bfi,8,BL
Diptera,Toxomerus.marginatus,1,bfi,8,BL
Diptera,Paramyia.nitens,62,bwk,2.2,BL
Diptera,Parasyrphus.relictus,50,bwk,8,BL
Diptera,Blera.confusa,10,bwk,11.5,BL
Diptera,Bombylius.major,7,bwk,16,BL
Diptera,Carposcalis.confusus,5,bwk,7.95,BL
Diptera,Sphaerophoria.bifurcata,5,bwk,8.35,BL
Diptera,Eclimus.harrisi,4,bwk,7.5,BL
Diptera,Tropidia.quadrata,4,bwk,9,BL
Diptera,Orthonevra.pulchella,3,bwk,6,BL
Diptera,Phaonia.serva,3,bwk,10,BL
Diptera,Sphaerophoria.sp,3,bwk,15.175,BL
Diptera,Temnostoma.balyras,3,bwk,10,BL
Diptera,Melanostoma.sp,2,bwk,7,BL
Diptera,Chalcosyrphus.nigra,2,bwk,12,BL
Diptera,Cheilosia.pallipes,2,bwk,10,BL
Diptera,Cheilosia.sialia,2,bwk,10,BL
Diptera,Fannia.ungulata,2,bwk,3.98,BL
Diptera,Mallota.posticata,2,bwk,9.5,BL
Diptera,Melangyna.lasiophthalma,2,bwk,2.5,HW
Diptera,Sarcophaga.nearctica,2,bwk,17.9,BL
Diptera,Temnostoma.barberi,2,bwk,11.75,BL
Diptera,Carposcalis.obscura,1,bwk,7.95,BL
Diptera,Chalcosyrphus.nemorum,1,bwk,8,BL
Diptera,Blera.badia,1,bwk,10.5,BL
Diptera,Blera.nigripes,1,bwk,15,BL
Diptera,Bombylius.pygmaeus,1,bwk,6,BL
Diptera,Chalcosyrphus.curvarius,1,bwk,12,BL
Diptera,Chalcosyrphus.inarmatus,1,bwk,12,BL
Diptera,Cheilosia.slossonae,1,bwk,10,BL
Diptera,Cheilosia.tristis,1,bwk,10,BL
Diptera,Eremomyioides.setosa,1,bwk,8,BL
Diptera,Eudasyphora.cyanicolor,1,bwk,6,BL
Diptera,Pegohylemyia.fugax,1,bwk,7,BL
Diptera,Pyrophaena.rosarum,1,bwk,2.4,HW
Diptera,Sphaerophoria.longipilosa,1,bwk,8.5,BL
Diptera,Syritta.pipiens,1,bwk,7.5,BL
Diptera,Syritta.rectus,1,bwk,8,BL
Diptera,Temnostoma.alternans,1,bwk,20,BL
Diptera,Temnostoma.sp,1,cer,16.7,BL
Diptera,Toxomerus.floralis,6,gsv,7,BL
Diptera,Palpada.pusio,4,gsv,11.3,BL
Diptera,Toxomerus.marginatus,3,gsv,8,BL
Diptera,Helicobia.morionella,2,gsv,5.5,BL
Diptera,Ornidia.obesa,2,gsv,10,BL
Diptera,Lucilia.sp,1,gsv,6,BL
Diptera,Tabanus.sp,1,gsv,7.5,BL
Diptera,Phaonia.incarna,448,hnk,10,BL
Diptera,Tropidia.scita,256,hnk,6.41,BL
Diptera,Helophilus.sp,242,hnk,12.5,BL
Diptera,Eristalinus.sepulchralis,202,hnk,16,BL
Diptera,Lucilia.sp,69,hnk,6,BL
Diptera,Anthomyiidae.sp,36,hnk,6,BL
Diptera,Eristalis.nemorum,36,hnk,12,BL
Diptera,Syritta.pipiens,30,hnk,7.5,BL
Diptera,Chrysogaster.sp,30,hnk,5,BL
Diptera,Eristalis.intricarius,29,hnk,12,BL
Diptera,Lejogaster.splendida,26,hnk,9,BL
Diptera,Eristalis.tenax,20,hnk,15,BL
Diptera,Cheilosia.albitarsis,16,hnk,8.25,BL
Diptera,Empis.livida,15,hnk,9,BL
Diptera,Scathophaga.stercoraria,15,hnk,9,BL
Diptera,Syrphus.sp,9,hnk,10,BL
Diptera,Odontomyia.tigrina,8,hnk,7.6,BL
Diptera,Sphaerophoria.sp,6,hnk,15.175,BL
Diptera,Platycheirus.sp,6,hnk,7,BL
Diptera,Helophilus.trivittatus,5,hnk,11.375,BL
Diptera,Neoascia.tenur,5,hnk,3.4,BL
Diptera,Oplodontha.viridula,5,hnk,7.5,BL
Diptera,Rhagio.tringarius,5,hnk,11,BL
Diptera,Melanostoma.sp,3,hnk,7,BL
Diptera,Eriothrix.rufomaculatus,2,hnk,7.5,BL
Diptera,Eristalis.pertinax,2,hnk,15,BL
Diptera,Sarcophaga.sp,2,hnk,10,BL
Diptera,Chloromyia.formosa,1,hnk,9,BL
Diptera,Meliscaeva.sp,1,hnk,8,BL
Diptera,Nemotelus.pantherinus,1,hnk,4.22,BL
Diptera,Parhelophilus.sp,1,hnk,10,BL
Diptera,Tetanocera.ferruginea,1,hnk,9.5,BL
Diptera,Bombylius.major,816,nca,16,BL
Diptera,Gonia.sp,55,nca,10,BL
Diptera,Hylemya.platura,24,nca,5,BL
Diptera,Platycheirus.obscurus,17,nca,8.1,BL
Diptera,Toxomerus.geminatus,8,nca,6.75,BL
Diptera,Dilophus.caurinus,87,otw,4.55,BL
Diptera,Sericomyia.transversa,32,otw,16.7,BL
Diptera,Melanostoma.sp,26,otw,7,BL
Diptera,Syritta.pipiens,19,otw,7.5,BL
Diptera,Helophilus.latifrons,19,otw,13,BL
Diptera,Eristalis.dimidiata,18,otw,13.5,BL
Diptera,Sphaerophoria.sp,15,otw,15.175,BL
Diptera,Toxomerus.marginatus,14,otw,8,BL
Diptera,Syrphus.torvus,14,otw,3.6,HW
Diptera,Hybomitra.typhus,14,otw,12,BL
Diptera,Spilogona.fatima,13,otw,4.84,BL
Diptera,Hybomitra.minuscula,12,otw,8.53,BL
Diptera,Pyrophaena.rosarum,11,otw,2.4,HW
Diptera,Helophilus.fasciatus,11,otw,14,BL
Diptera,Helophilus.laetus,10,otw,12.5,BL
Diptera,Eupeodes.americanus,9,ppc,10.5,BL
Diptera,Syrphus.opinator,6,ppc,9.5,BL
Diptera,Adejeania.vexatrix,3,ppc,19,BL
Diptera,Eristalis.hirta,3,ppc,10,BL
Diptera,Eristalis.latifrons,3,ppc,12,BL
Diptera,Hammerschmidtia.ferruginea,3,ppc,10.5,BL
Diptera,Systoechus.vulgaris,3,ppc,12.5,BL
Diptera,Tachina.algens,3,ppc,12.5,BL
Diptera,Volucella.bombylans,3,ppc,14,BL
Diptera,Xanthoepalpus.bicolor,3,ppc,11.8,BL
Diptera,Anthrax.hypomelas,2,ppc,14,BL
Diptera,Anthrax.sinuosa,2,ppc,9.4,BL
Diptera,Brachyopa.notata,2,ppc,6.2,BL
Diptera,Chrysotoxum.integrum,2,ppc,8,BL
Diptera,Dasyllis.fernaldi,2,ppc,16.5,BL
Diptera,Epalpus.rufus,2,ppc,11,BL
Diptera,Eristalis.arbustorum,2,ppc,10.5,BL
Diptera,Panzeria.radicum,2,ppc,9.75,BL
Diptera,Phormia.camillus,2,ppc,10,BL
Diptera,Phormia.regina,2,ppc,10,BL
Diptera,Syritta.pipiens,1,ppc,7.5,BL
Diptera,Helophilus.latifrons,1,ppc,13,BL
Diptera,Eristalis.tenax,1,ppc,15,BL
Diptera,Eristalis.dimidiatus,1,ppc,12,BL
Diptera,Anthomyia.sp,1,ppc,5.6,BL
Diptera,Anthrax.alternata,1,ppc,12.5,BL
Diptera,Anthrax.fulviana,1,ppc,11,BL
Diptera,Anthrax.halcyon,1,ppc,9.4,BL
Diptera,Anthrax.lateralis,1,ppc,10,BL
Diptera,Anthrax.nigra,1,ppc,9.4,BL
Diptera,Anthrax.tegminipennis,1,ppc,11.5,BL
Diptera,Archytas.sp,1,ppc,16,BL
Diptera,Bombylius.atriceps,1,ppc,8,BL
Diptera,Calliphora.vomitoria,1,ppc,10,BL
Diptera,Cheilosia.latrans,1,ppc,7.1,BL
Diptera,Cheilosia.petulca,1,ppc,10,BL
Diptera,Chrysogaster.parva,1,ppc,5,BL
Diptera,Chrysotoxum.fasciatum,1,ppc,12.3,BL
Diptera,Chrysotoxum.upsilon,1,ppc,14.5,BL
Diptera,Eristalis.flavipes,1,ppc,10,BL
Diptera,Eristalis.meigeni,1,ppc,12,BL
Diptera,Exoprosopa.caliptera,1,ppc,15.8,BL
Diptera,Exoprosopa.divisa,1,ppc,14,BL
Diptera,Exoprosopa.volucris,1,ppc,13.8,BL
Diptera,Heringia.salax,1,ppc,8,BL
Diptera,Mallota.flavoterminata,1,ppc,13,BL
Diptera,Mesogramma.marginata,1,ppc,5.5,BL
Diptera,Myopa.clausa,1,ppc,10,BL
Diptera,Paragus.bicolor,1,ppc,NA,BL
Diptera,Peleteria.robusta,1,ppc,12,BL
Diptera,Phorbia.fusciceps,1,ppc,7,BL
Diptera,Pipiza.sp,1,ppc,7,BL
Diptera,Pipiza.vanduzeei,1,ppc,7,BL
Diptera,Ptilodexia.harpasa,1,ppc,9,BL
Diptera,Sericomyia.flagrans,1,ppc,10,BL
Diptera,Sphaerophoria.cylindrica,1,ppc,8.35,BL
Diptera,Sphecomyia.vittata,1,ppc,20,BL
Diptera,Syrphus.amalopis,1,ppc,10,BL
Diptera,Syrphus.nitens,1,ppc,10,BL
Diptera,Tabanus.rhombicus,1,ppc,14,BL
Diptera,Temnostoma.aequale,1,ppc,16.7,BL
Diptera,Terellia.occidentalis,1,ppc,5.5,BL
Diptera,Volucella.satur,1,ppc,8,BL
Diptera,Zodion.pygmaeum,1,ppc,10,BL
Diptera,Empis.livida,32,snk,9,BL
Diptera,Episyrphus.balteatus,21,snk,3,HW
Diptera,Eristalis.tenax,13,snk,15,BL
Diptera,Helophilus.sp,13,snk,12.5,BL
Diptera,Syrphus.sp,12,snk,10,BL
Diptera,Scathophaga.stercoraria,8,snk,9,BL
Diptera,Sphaerophoria.sp,7,snk,15.175,BL
Diptera,Melanostoma.sp,4,snk,7,BL
Diptera,Lucilia.sp,4,snk,6,BL
Diptera,Platycheirus.sp,4,snk,7,BL
Diptera,Cheilosia.bergenstammi,4,snk,9.25,BL
Diptera,Eristalis.nemorum,3,snk,12,BL
Diptera,Eriothrix.rufomaculatus,3,snk,7.5,BL
Diptera,Meliscaeva.sp,3,snk,8,BL
Diptera,Volucella.bombylans,1,snk,14,BL
Diptera,Tropidia.scita,1,snk,6.41,BL
Diptera,Eristalis.intricarius,1,snk,12,BL
Diptera,Sarcophaga.sp,1,snk,10,BL
Diptera,Spilogona.sanctipauli,9,tun,4.65,BL
Diptera,Eupeodes.curtus,6,tun,10,BL
Diptera,Eupeodes.luniger,6,tun,2.9,HW
Diptera,Smittia.sp,6,tun,3,BL
Diptera,Sphaerophoria.scripta,6,tun,2.3,HW
Diptera,Delia.platura,3,tun,5.6,BL
Diptera,Phaonia.pallidisquama,3,tun,10,BL
Diptera,Aedes.nigripes,2,tun,6.35,BL
Diptera,Delia.fabricii,2,tun,4.5,BL
Diptera,Dolichopus.groenlandicus,2,tun,5,BL
Diptera,Helophilus.groenlandicus,2,tun,12,BL
Diptera,Helophilus.lapponicus,2,tun,12,BL
Diptera,Rhamphomyia.nigrita,2,tun,3.69,BL
Diptera,Aedes.impiger,1,tun,6.15,BL
Diptera,Botanophila.profuga,1,tun,4.65,BL
Diptera,Bradysia.sp,1,tun,1.73,BL
Diptera,Dasyhelea.sp,1,tun,2.13,BL
Diptera,Drymeia.groenlandica,1,tun,3,BL
Diptera,Forcipomyia.sp,1,tun,2.25,BL
Diptera,Hypoderma.tarandi,1,tun,14.3,BL
Diptera,Paregle.audacula,1,tun,5,BL
Diptera,Pegoplata.tundrica,1,tun,4.01,BL
Diptera,Periscepsia.stylata,1,tun,6.7,BL
Diptera,Platycheirus.hyperboreus,1,tun,3.5,BL
Diptera,Platycheirus.lundbecki,1,tun,7.58,BL
Diptera,Platycheirus.varipes,1,tun,8.23,BL
Ephemeroptera,Ephemerella.sp,1,bwk,10,BL
Hemiptera,Lygus.rufidorsus,1,bwk,4.86,BL
Hemiptera,Thamnotettix.confinis,1,bwk,5.75,BL
Hemiptera,Irbisia.brachycerus,5,ppc,5.75,BL
Hemiptera,Thyreocoris.anthracina,2,ppc,3.5,BL
Hemiptera,Geocoris.bullatus,1,ppc,4.1,BL
Hemiptera,Leptura.chrysocoma,1,ppc,15,BL
Hemiptera,Lygus.pratensis,1,ppc,6.5,BL
Hemiptera,Closterotomus.norwegicus,37,snk,7,BL
Hemiptera,Nysius.groenlandicus,9,tun,3.34,BL
Hymenoptera,Trigona.sp,156,bbg,7,BL
Hymenoptera,Augochloropsis.sp,153,bbg,9,BL
Hymenoptera,Bombus.morio,111,bbg,15.5,BL
Hymenoptera,Bombus.atratus,97,bbg,13.6,BL
Hymenoptera,Tetragona.clavipes,63,bbg,6.4,BL
Hymenoptera,Paratrigona.lineata,58,bbg,4.5,BL
Hymenoptera,Paratetrapedia.sp,52,bbg,9,BL
Hymenoptera,Oxaea.flavescens,46,bbg,14.5,BL
Hymenoptera,Ceratina.sp,43,bbg,7.35,BL
Hymenoptera,Epicharis.sp,38,bbg,20,BL
Hymenoptera,Scaptotrigona.postica,37,bbg,12,BL
Hymenoptera,Dasyhalonia.sp,34,bbg,12.5,BL
Hymenoptera,Centris.scopipes,33,bbg,20.5,BL
Hymenoptera,Gaesischia.belophora,32,bbg,12.5,BL
Hymenoptera,Melissoptila.richardiae,32,bbg,10,BL
Hymenoptera,Monoeca.sp,26,bbg,10,BL
Hymenoptera,Melipona.quinquefasciata,23,bbg,8.71,BL
Hymenoptera,Centris.sp,22,bbg,20.5,BL
Hymenoptera,Centris.aenea,21,bbg,20.5,BL
Hymenoptera,Ceratina.gossypii,21,bbg,7.35,BL
Hymenoptera,Epicharis.iheringii,21,bbg,20,BL
Hymenoptera,Centris.tarsata,18,bbg,20.5,BL
Hymenoptera,Exomalopsis.sp,18,bbg,8,BL
Hymenoptera,Agapostemon.chapadensis,17,bbg,10,BL
Hymenoptera,Exomalopsis.analis,16,bbg,6.68,BL
Hymenoptera,Epicharis.cockerelli,14,bbg,20,BL
Hymenoptera,Centris.violacea,13,bbg,20.5,BL
Hymenoptera,Ceratina.maculifrons,13,bbg,7.35,BL
Hymenoptera,Epicharis.flava,13,bbg,20,BL
Hymenoptera,Megachile.rubricata,12,bbg,22,BL
Hymenoptera,Xylocopa.vestita,12,bbg,21.5,BL
Hymenoptera,Centris.nitens,11,bbg,20.5,BL
Hymenoptera,Partamona.cupira,11,bbg,1.8,ITD
Hymenoptera,Trigona.branneri,11,bbg,6.88,BL
Hymenoptera,Xylocopa.subcyanea,11,bbg,21.5,BL
Hymenoptera,Xylocopa.hirsutissima,10,bbg,21.5,BL
Hymenoptera,Centris.spilopoda,9,bbg,20.5,BL
Hymenoptera,Pseudaugochlora.sp,9,bbg,10.5,BL
Hymenoptera,Anthodioctes.megachiloides,8,bbg,7.5,BL
Hymenoptera,Hopliphora.superba,8,bbg,19.5,BL
Hymenoptera,Augochloropsis.smithiana,7,bbg,12,BL
Hymenoptera,Exomalopsis.campestris,7,bbg,8,BL
Hymenoptera,Megachile.sp,7,bbg,22,BL
Hymenoptera,Tetrapedia.sp,7,bbg,10.5,BL
Hymenoptera,Centris.lutea,6,bbg,20.5,BL
Hymenoptera,Centris.mocsaryi,6,bbg,20.5,BL
Hymenoptera,Megachile.curvipes,6,bbg,22,BL
Hymenoptera,Megachile.friesei,6,bbg,22,BL
Hymenoptera,Trigona.amalthea,6,bbg,2.3,ITD
Hymenoptera,Trigonisca.pediculana,6,bbg,3,BL
Hymenoptera,Epicharis.analis,5,bbg,20,BL
Hymenoptera,Euglossa.melanotricha,5,bbg,14,BL
Hymenoptera,Exomalopsis.auropilosa,5,bbg,8,BL
Hymenoptera,Gaesischia.flavoclypeata,5,bbg,12.5,BL
Hymenoptera,Xylocopa.ciliata,5,bbg,21.5,BL
Hymenoptera,Xylocopa.fimbriata,5,bbg,21.5,BL
Hymenoptera,Augochloropsis.laeta,4,bbg,9,BL
Hymenoptera,Centris.fuscata,4,bbg,20.5,BL
Hymenoptera,Ceratina.asuncionis,4,bbg,7.35,BL
Hymenoptera,Gaesischia.fulgurans,4,bbg,12.5,BL
Hymenoptera,Lasioglossum.rostratus,4,bbg,7.5,BL
Hymenoptera,Melitoma.sp,4,bbg,11.5,BL
Hymenoptera,Mesoplia.rufipes,4,bbg,15.75,BL
Hymenoptera,Tetrapedia.rugulosa,4,bbg,10.5,BL
Hymenoptera,Trigona.spinipes,4,bbg,1.8,ITD
Hymenoptera,Dianthidium.sp,3,bbg,14.25,BL
Hymenoptera,Epanthidium.tigrinum,3,bbg,9,BL
Hymenoptera,Euglossa.sp,3,bbg,14,BL
Hymenoptera,Gaesischia.araguaiana,3,bbg,12.5,BL
Hymenoptera,Lasioglossum.sp,3,bbg,7.5,BL
Hymenoptera,Megachile.affabilis,3,bbg,22,BL
Hymenoptera,Mesonychium.coerulescens,3,bbg,13,BL
Hymenoptera,Pseudaugochlora.graminea,3,bbg,11,BL
Hymenoptera,Augochlora.sp,2,bbg,8,BL
Hymenoptera,Augochloropsis.cupreola,2,bbg,9,BL
Hymenoptera,Augochloropsis.wallacei,2,bbg,9,BL
Hymenoptera,Centris.analis,2,bbg,20.5,BL
Hymenoptera,Centris.labrosa,2,bbg,4.5,BL
Hymenoptera,Centris.trigonoides,2,bbg,20.5,BL
Hymenoptera,Centris.varia,2,bbg,20.5,BL
Hymenoptera,Ceratina.rupestris,2,bbg,7.35,BL
Hymenoptera,Coelioxys.sp,2,bbg,13.5,BL
Hymenoptera,Colletes.petropolitanus,2,bbg,11.5,BL
Hymenoptera,Dasyhalonia.phaeoptera,2,bbg,12.5,BL
Hymenoptera,Epanthidium.aureocinctum,2,bbg,9,BL
Hymenoptera,Euglossa.imperialis,2,bbg,15.3,BL
Hymenoptera,Euglossa.viridis,2,bbg,14,BL
Hymenoptera,Megachile.laeta,2,bbg,22,BL
Hymenoptera,Megachile.terrestris,2,bbg,11,BL
Hymenoptera,Melitoma.segmentaria,2,bbg,11.5,BL
Hymenoptera,Neocorynura.sp,2,bbg,8.25,BL
Hymenoptera,Paratetrapedia.lugubris,2,bbg,9,BL
Hymenoptera,Ptilothrix.plumata,2,bbg,11,BL
Hymenoptera,Thygater.analis,2,bbg,13,BL
Hymenoptera,Acanthopus.excellens,1,bbg,22.5,BL
Hymenoptera,Augochloropsis.cleopatra,1,bbg,9,BL
Hymenoptera,Centris.burgdorfi,1,bbg,20.5,BL
Hymenoptera,Centris.collaris,1,bbg,20.5,BL
Hymenoptera,Centris.denudans,1,bbg,20.5,BL
Hymenoptera,Centris.longimana,1,bbg,20.5,BL
Hymenoptera,Centris.tetrazona,1,bbg,20.5,BL
Hymenoptera,Centris.xanthocnemis,1,bbg,20.5,BL
Hymenoptera,Colletes.rufipes,1,bbg,11.5,BL
Hymenoptera,Colletes.sp,1,bbg,11.5,BL
Hymenoptera,Ctenioschelus.goeryi,1,bbg,15,BL
Hymenoptera,Epicharis.affinis,1,bbg,20,BL
Hymenoptera,Epicharis.albofasciata,1,bbg,20,BL
Hymenoptera,Epicharis.bicolor,1,bbg,20,BL
Hymenoptera,Epicharis.xanthogastra,1,bbg,20,BL
Hymenoptera,Euglossa.cordata,1,bbg,14,BL
Hymenoptera,Eulaema.nigrita,1,bbg,7.9,ITD
Hymenoptera,Exomalopsis.fulvofasciata,1,bbg,8,BL
Hymenoptera,Habralictus.sp,1,bbg,5.25,BL
Hymenoptera,Lithurgus.sp,1,bbg,13.5,BL
Hymenoptera,Megachile.assumptionis,1,bbg,22,BL
Hymenoptera,Megachile.aureiventris,1,bbg,22,BL
Hymenoptera,Megachile.brethesi,1,bbg,22,BL
Hymenoptera,Megachile.diversa,1,bbg,22,BL
Hymenoptera,Megachile.gigas,1,bbg,22,BL
Hymenoptera,Megachile.orba,1,bbg,22,BL
Hymenoptera,Mesoplia.decorata,1,bbg,15.75,BL
Hymenoptera,Plebeia.sp,1,bbg,5.25,BL
Hymenoptera,Rhathymus.fulvus,1,bbg,22,BL
Hymenoptera,Thalestria.spinosa,1,bbg,15.5,BL
Hymenoptera,Thectochlora.alaris,1,bbg,7,BL
Hymenoptera,Trichocerapis.mirabilis,1,bbg,13,BL
Hymenoptera,Xylocopa.frontalis,1,bbg,21.5,BL
Hymenoptera,Xylocopa.sp,1,bbg,21.5,BL
Hymenoptera,Apis.mellifera,6,bfi,3.3,ITD
Hymenoptera,Andrena.carlini,4,bfi,2.696428571,ITD
Hymenoptera,Andrena.erigeniae,4,bfi,1.3,ITD
Hymenoptera,Bombus.griseocollis,4,bfi,4.342857143,ITD
Hymenoptera,Andrena.forbesii,3,bfi,2.0995,ITD
Hymenoptera,Andrena.nasonii,3,bfi,1.8,ITD
Hymenoptera,Andrena.rugosa,3,bfi,2.3,ITD
Hymenoptera,Andrena.cressonii,2,bfi,1.75,ITD
Hymenoptera,Andrena.miserabilis,2,bfi,1.698214286,ITD
Hymenoptera,Andrena.erythronii,1,bfi,2.29775,ITD
Hymenoptera,Andrena.personata,1,bfi,6.1,BL
Hymenoptera,Andrena.sp,1,bfi,8,BL
Hymenoptera,Augochlora.pura,1,bfi,1.595,ITD
Hymenoptera,Augochlorella.striata,1,bfi,7.37,BL
Hymenoptera,Ceratina.metallica,1,bfi,5.75,BL
Hymenoptera,Dialictus.coeruleus,1,bfi,7,BL
Hymenoptera,Dialictus.imitatus,1,bfi,4.18,BL
Hymenoptera,Dialictus.oblongus,1,bfi,5.75,BL
Hymenoptera,Dialictus.obscurus,1,bfi,6,BL
Hymenoptera,Dialictus.zephyrus,1,bfi,6,BL
Hymenoptera,Halictus.confusus,1,bfi,1.4,ITD
Hymenoptera,Hylaeus.macroupinensis,1,bfi,5.5,BL
Hymenoptera,Lasioglossum.forbesii,1,bfi,8.5,BL
Hymenoptera,Nomada.luteola,1,bfi,11.25,BL
Hymenoptera,Dialictus.sp,42,bwk,5.75,BL
Hymenoptera,Bombus.vagans,41,bwk,3.115833333,ITD
Hymenoptera,Bombus.terricola,13,bwk,3.1875,ITD
Hymenoptera,Evylaeus.quebecensis,12,bwk,7,BL
Hymenoptera,Xylota.bigelowi,10,bwk,9,BL
Hymenoptera,Andrena.w,8,bwk,8,BL
Hymenoptera,Dialictus.cressonii,8,bwk,6.5,BL
Hymenoptera,Bombus.perplexus,5,bwk,3.668823529,ITD
Hymenoptera,Hylaeus.ellipticus,5,bwk,5,BL
Hymenoptera,Andrena.melanochroa,3,bwk,1.125,ITD
Hymenoptera,Andrena.miranda,3,bwk,2.0375,ITD
Hymenoptera,Bombus.ternarius,3,bwk,2.8625,ITD
Hymenoptera,Osmia.proxima,3,bwk,8,BL
Hymenoptera,Xylota.hinei,3,bwk,9,BL
Hymenoptera,Dialictus.imitatus,2,bwk,4.18,BL
Hymenoptera,Ancistrocerus.sp,2,bwk,9,BL
Hymenoptera,Andrena.nivalis,2,bwk,2.62108,ITD
Hymenoptera,Andrena.rufosignata,2,bwk,2.566666667,ITD
Hymenoptera,Crabro.sp,2,bwk,12,BL
Hymenoptera,Evylaeus.divergens,2,bwk,7,BL
Hymenoptera,Halictus.rubicundus,2,bwk,2,ITD
Hymenoptera,Sphecodes.sp,2,bwk,9.75,BL
Hymenoptera,Halictus.confusus,1,bwk,1.4,ITD
Hymenoptera,Andrena.sigmundi,1,bwk,2.7375,ITD
Hymenoptera,Andrena.thaspii,1,bwk,2.5625,ITD
Hymenoptera,Andrena.wheeleri,1,bwk,9,BL
Hymenoptera,Andrena.wilkella,1,bwk,2.15,ITD
Hymenoptera,Dolichovespula.arenaria,1,bwk,10.5,BL
Hymenoptera,Hoplitis.producta,1,bwk,1.2375,ITD
Hymenoptera,Hylaeus.basalis,1,bwk,8.5,BL
Hymenoptera,Hylaeus.stevensi,1,bwk,5.5,BL
Hymenoptera,Nomada.cuneata,1,bwk,9.5,BL
Hymenoptera,Nomada.sayi,1,bwk,6.75,BL
Hymenoptera,Osmia.lignaria,1,bwk,3.4,ITD
Hymenoptera,Osmia.pumila,1,bwk,1.614444444,ITD
Hymenoptera,Passaloecus.sp,1,bwk,9.5,BL
Hymenoptera,Psithyrus.sp,1,bwk,19.8,BL
Hymenoptera,Rhopalum.sp,1,bwk,6.1,BL
Hymenoptera,Xylota.sp,1,bwk,9,BL
Hymenoptera,Apis.mellifera,154,cer,3.3,ITD
Hymenoptera,Paratrigona.lineata,106,cer,4.5,BL
Hymenoptera,Bombus.brevivillus,86,cer,15.5,BL
Hymenoptera,Trigona.spinipes,60,cer,1.8,ITD
Hymenoptera,Ceratina.sp,52,cer,7.35,BL
Hymenoptera,Scaptotrigona.postica,49,cer,12,BL
Hymenoptera,Bombus.morio,43,cer,15.5,BL
Hymenoptera,Paratetrapedia.punctata,22,cer,9,BL
Hymenoptera,Epicharis.morio,21,cer,20,BL
Hymenoptera,Geotrigona.mombuca,21,cer,5.75,BL
Hymenoptera,Tetrapedia.diversipes,16,cer,2.11,ITD
Hymenoptera,Epicharis.analis,15,cer,20,BL
Hymenoptera,Exomalopsis.fulvofasciata,15,cer,8,BL
Hymenoptera,Centris.burgdorfi,13,cer,20.5,BL
Hymenoptera,Augochloropsis.sp,11,cer,9,BL
Hymenoptera,Exomalopsis.campestris,11,cer,8,BL
Hymenoptera,Tetragona.quadrangula,11,cer,6.5,BL
Hymenoptera,Monoeca.sp,10,cer,10,BL
Hymenoptera,Epicharis.cockerelli,10,cer,20,BL
Hymenoptera,Tetrapedia.peckoltii,10,cer,10.5,BL
Hymenoptera,Oxaea.flavescens,9,cer,14.5,BL
Hymenoptera,Epicharis.iheringii,9,cer,20,BL
Hymenoptera,Gaesischia.belophora,8,cer,12.5,BL
Hymenoptera,Exomalopsis.sp,8,cer,8,BL
Hymenoptera,Megachile.rubricata,8,cer,22,BL
Hymenoptera,Centris.nitens,8,cer,20.5,BL
Hymenoptera,Epicharis.bicolor,8,cer,20,BL
Hymenoptera,Bombus.pauloensis,8,cer,15.5,BL
Hymenoptera,Xylocopa.hirsutissima,7,cer,21.5,BL
Hymenoptera,Centris.varia,7,cer,20.5,BL
Hymenoptera,Eufriesea.violacens,7,cer,20,BL
Hymenoptera,Tropidopedia.flavolineata,7,cer,9,BL
Hymenoptera,Partamona.cupira,6,cer,1.8,ITD
Hymenoptera,Eulaema.nigrita,6,cer,7.9,ITD
Hymenoptera,Dialictus.sp,5,cer,5.75,BL
Hymenoptera,Epicharis.flava,5,cer,20,BL
Hymenoptera,Exomalopsis.auropilosa,5,cer,8,BL
Hymenoptera,Melissoptila.richardia,5,cer,10,BL
Hymenoptera,Centris.scopipes,4,cer,20.5,BL
Hymenoptera,Euglossa.melanotricha,4,cer,14,BL
Hymenoptera,Epanthidium.tigrinum,4,cer,9,BL
Hymenoptera,Euglossa.sp,4,cer,14,BL
Hymenoptera,Ancyloscelis.romeroi,4,cer,8,BL
Hymenoptera,Centris.bicolor,4,cer,17.5,BL
Hymenoptera,Xylocopa.subcyanea,3,cer,21.5,BL
Hymenoptera,Anthodioctes.megachiloides,3,cer,7.5,BL
Hymenoptera,Augochloropsis.smithiana,3,cer,12,BL
Hymenoptera,Megachile.terrestris,3,cer,11,BL
Hymenoptera,Megachile.aureiventris,3,cer,22,BL
Hymenoptera,Centris.aenea,2,cer,20.5,BL
Hymenoptera,Centris.tarsata,2,cer,20.5,BL
Hymenoptera,Xylocopa.vestita,2,cer,21.5,BL
Hymenoptera,Centris.mocsaryi,2,cer,20.5,BL
Hymenoptera,Ctenioschelus.goeryi,2,cer,15,BL
Hymenoptera,Epicharis.xanthogastra,2,cer,20,BL
Hymenoptera,Anthidium.sertanicola,2,cer,12.5,BL
Hymenoptera,Ceratalictus.clonius,2,cer,6.25,BL
Hymenoptera,Larocanthidium.sp,2,cer,6.5,BL
Hymenoptera,Monoeca.pluricincta,2,cer,10,BL
Hymenoptera,Paratetrapedia.flaveola,2,cer,9,BL
Hymenoptera,Paratetrapedia.pygmaea,2,cer,9,BL
Hymenoptera,Pseudagapostemon.sp,2,cer,8,BL
Hymenoptera,Rhinocorynura.sp,2,cer,9.5,BL
Hymenoptera,Schwarziana.quadripunctata,2,cer,6.75,BL
Hymenoptera,Agapostemon.chapadensis,1,cer,10,BL
Hymenoptera,Megachile.sp,1,cer,22,BL
Hymenoptera,Centris.fuscata,1,cer,20.5,BL
Hymenoptera,Lasioglossum.sp,1,cer,7.5,BL
Hymenoptera,Centris.analis,1,cer,20.5,BL
Hymenoptera,Coelioxys.sp,1,cer,13.5,BL
Hymenoptera,Epanthidium.aureocinctum,1,cer,9,BL
Hymenoptera,Colletes.sp,1,cer,11.5,BL
Hymenoptera,Arhysoceble.sp,1,cer,7,BL
Hymenoptera,Augochlorella.ephyra,1,cer,6.25,BL
Hymenoptera,Centris.lateritia,1,cer,20.5,BL
Hymenoptera,Centris.machadoi,1,cer,20.5,BL
Hymenoptera,Centris.rupestris,1,cer,20.5,BL
Hymenoptera,Dialictus.rostratus,1,cer,5.75,BL
Hymenoptera,Epicharis.picta,1,cer,20,BL
Hymenoptera,Exaerete.dentata,1,cer,17.5,BL
Hymenoptera,Gaesischia.nigra,1,cer,12.5,BL
Hymenoptera,Hypanthidium.nigritulum,1,cer,8.75,BL
Hymenoptera,Lithurgus.huberi,1,cer,13.5,BL
Hymenoptera,Megachile.frankieana,1,cer,22,BL
Hymenoptera,Melissoptila.sp,1,cer,10,BL
Hymenoptera,Tropidopedia.carinata,1,cer,9,BL
Hymenoptera,Xanthopedia.larocai,1,cer,9,BL
Hymenoptera,Xylocopa.cearensis,1,cer,21.5,BL
Hymenoptera,Xylocopa.grisescens,1,cer,21.5,BL
Hymenoptera,Apis.mellifera,8,gsv,3.3,ITD
Hymenoptera,Dialictus.sp,4,gsv,5.75,BL
Hymenoptera,Augochloropsis.vesta,4,gsv,9,BL
Hymenoptera,Polybia.occidentalis,4,gsv,9.55,BL
Hymenoptera,Melipona.favosa,3,gsv,11.5,BL
Hymenoptera,Pereirapis.sp,3,gsv,5,BL
Hymenoptera,Polistes.subsericeus,3,gsv,19,BL
Hymenoptera,Augochlora.sp,2,gsv,8,BL
Hymenoptera,Euglossa.cordata,2,gsv,14,BL
Hymenoptera,Anthidium.sp,2,gsv,12.5,BL
Hymenoptera,Campsomeris.dorsata,2,gsv,20,BL
Hymenoptera,Cerceris.sp,2,gsv,12.9,BL
Hymenoptera,Eumenes.sp,2,gsv,15.5,BL
Hymenoptera,Polybia.ignobilis,2,gsv,12.4,BL
Hymenoptera,Sphex.melanopus,2,gsv,28.5,BL
Hymenoptera,Ceratina.sp,1,gsv,7.35,BL
Hymenoptera,Augochloropsis.sp,1,gsv,9,BL
Hymenoptera,Exomalopsis.sp,1,gsv,8,BL
Hymenoptera,Eulaema.nigrita,1,gsv,7.9,ITD
Hymenoptera,Megachile.sp,1,gsv,22,BL
Hymenoptera,Xylocopa.fimbriata,1,gsv,21.5,BL
Hymenoptera,Anthidiellum.sp,1,gsv,7.25,BL
Hymenoptera,Augochloropsis.callichroma,1,gsv,9,BL
Hymenoptera,Ectemnius.sp,1,gsv,10,BL
Hymenoptera,Omicron.ruficolle,1,gsv,7,BL
Hymenoptera,Pachodynerus.brevithorax,1,gsv,12.5,BL
Hymenoptera,Parancistrocerus.sp,1,gsv,11,BL
Hymenoptera,Pepsis.sp,1,gsv,40,BL
Hymenoptera,Trigona.angustula,1,gsv,7,BL
Hymenoptera,Bombus.terrestris,1276,hnk,4.55,ITD
Hymenoptera,Bombus.pascuorum,84,hnk,4.1,ITD
Hymenoptera,Andrena.wilkella,25,hnk,2.15,ITD
Hymenoptera,Bombus.hortorum,25,hnk,5.77,ITD
Hymenoptera,Bombus.vestalis,11,hnk,5.68,ITD
Hymenoptera,Megachile.willughbiella,9,hnk,3.59,ITD
Hymenoptera,Andrena.haemorrhoa,4,hnk,2.63,ITD
Hymenoptera,Bombus.pratorum,4,hnk,3.9,ITD
Hymenoptera,Andrena.pubescens,2,hnk,1.4,BL
Hymenoptera,Bombus.lapidarius,1,hnk,4.1,ITD
Hymenoptera,Lasioglossum.calceatum,1,hnk,1.7,ITD
Hymenoptera,Lasioglossum.leucozonium,1,hnk,1.8,ITD
Hymenoptera,Lasioglossum.villosulum,1,hnk,1.3,ITD
Hymenoptera,Andrena.erigeniae,384,nca,1.3,ITD
Hymenoptera,Andrena.nigrihirta,350,nca,2.45,ITD
Hymenoptera,Andrena.tridens,89,nca,2.39,ITD
Hymenoptera,Apis.mellifera,87,nca,3.3,ITD
Hymenoptera,Nomada.sp,84,nca,9.5,BL
Hymenoptera,Bombus.bimaculatus,56,nca,3.7375,ITD
Hymenoptera,Halictid.sp,32,nca,7,BL
Hymenoptera,Dialictus.abanci,26,nca,6,BL
Hymenoptera,Osmia.conjucta,22,nca,9,BL
Hymenoptera,Nomada.perplexa,20,nca,8,BL
Hymenoptera,Andrena.carlini,18,nca,2.696428571,ITD
Hymenoptera,Osmia.sp,16,nca,10.5,BL
Hymenoptera,Nomada.pygmaea,14,nca,1.456666667,ITD
Hymenoptera,Andrena.nasonii,13,nca,1.8,ITD
Hymenoptera,Lasioglossum.macoupinense,12,nca,1.193333333,ITD
Hymenoptera,Osmia.lignaria,9,nca,3.4,ITD
Hymenoptera,Augochlora.pura,8,nca,1.595,ITD
Hymenoptera,Dialictus.cressonii,7,nca,6.5,BL
Hymenoptera,Ceratina.calcarata,7,nca,1.273809524,ITD
Hymenoptera,Xylocopa.virginica,7,nca,5.834333334,ITD
Hymenoptera,Osmia.atriventris,6,nca,1.922,ITD
Hymenoptera,Andrena.violae,4,nca,10,BL
Hymenoptera,Nomada.luteola,3,nca,11.25,BL
Hymenoptera,Bombus.pennsylvanicus,3,nca,4.588888889,ITD
Hymenoptera,Megachile.laboriosa,3,nca,22,BL
Hymenoptera,Augochlorella.striata,2,nca,7.37,BL
Hymenoptera,Andrena.arabis,2,nca,1.9,ITD
Hymenoptera,Andrena.ziziaeformis,2,nca,8,BL
Hymenoptera,Nomada.sayi,1,nca,6.75,BL
Hymenoptera,Andrena.personata,1,nca,6.1,BL
Hymenoptera,Andrena.ceanothi,1,nca,2.583333333,ITD
Hymenoptera,Andrena.dunningi,1,nca,2.4375,ITD
Hymenoptera,Andrena.imitatrix,1,nca,1.9,ITD
Hymenoptera,Lasioglossum.fuscipenne,1,nca,1.81,ITD
Hymenoptera,Nomada.bishopii,1,nca,9.5,BL
Hymenoptera,Osmia.simillima,1,nca,11.5,BL
Hymenoptera,Andrena.vicina,83,otw,2.48125,ITD
Hymenoptera,Bombus.terricola,82,otw,3.1875,ITD
Hymenoptera,Colletes.inaequalis,73,otw,2.862666667,ITD
Hymenoptera,Andrena.regularis,66,otw,2.6,ITD
Hymenoptera,Bombus.ternarius,50,otw,2.8625,ITD
Hymenoptera,Andrena.bradleyi,48,otw,2.033333333,ITD
Hymenoptera,Andrena.mandibularis,34,otw,2.18,ITD
Hymenoptera,Bombus.sandersoni,34,otw,3.346666667,ITD
Hymenoptera,Bombus.impatiens,30,otw,4.511,ITD
Hymenoptera,Apis.mellifera,24,otw,3.3,ITD
Hymenoptera,Bombus.perplexus,21,otw,3.668823529,ITD
Hymenoptera,Andrena.carolina,16,otw,1.7,ITD
Hymenoptera,Dialictus.pilosus,12,otw,6,BL
Hymenoptera,Andrena.carlini,11,otw,2.696428571,ITD
Hymenoptera,Andrena.alleghaniensis,11,otw,2.316666667,ITD
Hymenoptera,Halictus.sp,39,ppc,9.25,BL
Hymenoptera,Bombus.melanopygus,37,ppc,3.86,ITD
Hymenoptera,Bombus.centralis,32,ppc,11,BL
Hymenoptera,Bombus.occidentalis,32,ppc,12,BL
Hymenoptera,Bombus.huntii,30,ppc,12.5,BL
Hymenoptera,Apis.mellifera,22,ppc,3.3,ITD
Hymenoptera,Bombus.bifarius,21,ppc,11,BL
Hymenoptera,Halictus.pulzenus,17,ppc,9.25,BL
Hymenoptera,Megachile.wootoni,17,ppc,13,BL
Hymenoptera,Bombus.flavifrons,16,ppc,14.5,BL
Hymenoptera,Anthophora.terminalis,15,ppc,3.7625,ITD
Hymenoptera,Bombus.appositus,15,ppc,21.5,BL
Hymenoptera,Andrena.madronitens,14,ppc,8,BL
Hymenoptera,Monumetha.albifrons,13,ppc,12,BL
Hymenoptera,Prosopis.elliptica,13,ppc,5,BL
Hymenoptera,Bombus.morrisoni,12,ppc,17,BL
Hymenoptera,Bombus.rufocinctus,12,ppc,11.75,BL
Hymenoptera,Anthophora.simillima,11,ppc,15.5,BL
Hymenoptera,Prosopis.varifrons,11,ppc,5,BL
Hymenoptera,Pseudomasaris.vespoides,11,ppc,22,BL
Hymenoptera,Andrena.vicina,10,ppc,2.48125,ITD
Hymenoptera,Colletes.oromontis,10,ppc,11.5,BL
Hymenoptera,Andrena.crataegi,9,ppc,2.2,ITD
Hymenoptera,Bombus.insularis,9,ppc,17.5,BL
Hymenoptera,Osmia.densa,9,ppc,9.3,BL
Hymenoptera,Bombus.balteatus,8,ppc,15,BL
Hymenoptera,Osmia.bruneri,7,ppc,9,BL
Hymenoptera,Prosopis.basalis,7,ppc,8.5,BL
Hymenoptera,Sphecodes.sophiae,7,ppc,9.75,BL
Hymenoptera,Vespa.germanica,7,ppc,13,BL
Hymenoptera,Bombus.fervidus,6,ppc,3.627,ITD
Hymenoptera,Osmia.melanotricha,6,ppc,8,BL
Hymenoptera,Ancistrocerus.sp,5,ppc,9,BL
Hymenoptera,Bombus.nevadensis,5,ppc,17,BL
Hymenoptera,Halictus.medionitens,5,ppc,9.25,BL
Hymenoptera,Megachile.pugnata,5,ppc,3.53125,ITD
Hymenoptera,Osmia.pentstemonis,5,ppc,10.5,BL
Hymenoptera,Osmia.phaceliae,5,ppc,10.5,BL
Hymenoptera,Osmia.propinqua,5,ppc,10.5,BL
Hymenoptera,Panurginus.cressoniellus,5,ppc,5,BL
Hymenoptera,Panurginus.sp,5,ppc,7,BL
Hymenoptera,Agapostemon.splendens,4,ppc,2.384285714,ITD
Hymenoptera,Andrena.prunorum,4,ppc,2.6,ITD
Hymenoptera,Colletes.kincaidii,4,ppc,2.625,ITD
Hymenoptera,Hoplitis.fulgida,4,ppc,10,BL
Hymenoptera,Megachile.relativa,4,ppc,2.984375,ITD
Hymenoptera,Prosopis.wootoni,4,ppc,5.13,BL
Hymenoptera,Osmia.sp,3,ppc,10.5,BL
Hymenoptera,Ceratina.sp,3,ppc,7.35,BL
Hymenoptera,Andrena.sp,3,ppc,8,BL
Hymenoptera,Anthophora.smithi,3,ppc,15,BL
Hymenoptera,Bombus.americanorum,3,ppc,16,BL
Hymenoptera,Heriades.gracilior,3,ppc,7.5,BL
Hymenoptera,Hylaeus.episcopalis,3,ppc,5.5,BL
Hymenoptera,Melecta.pacifica,3,ppc,12.5,BL
Hymenoptera,Osmia.tristella,3,ppc,7.5,BL
Hymenoptera,Xylota.flavitibia,3,ppc,9,BL
Hymenoptera,Nomada.sp,2,ppc,9.5,BL
Hymenoptera,Megachile.sp,2,ppc,22,BL
Hymenoptera,Agapostemon.coloradensis,2,ppc,10.75,BL
Hymenoptera,Agapostemon.sp,2,ppc,10.75,BL
Hymenoptera,Andrena.apacheorum,2,ppc,9,BL
Hymenoptera,Andrena.canadensis,2,ppc,1.983333333,ITD
Hymenoptera,Andrena.edwiniae,2,ppc,12,BL
Hymenoptera,Andrena.washingtoni,2,ppc,9,BL
Hymenoptera,Bombus.fulvida,2,ppc,15.5,BL
Hymenoptera,Coelioxys.modesta,2,ppc,2.43,ITD
Hymenoptera,Colletes.americanus,2,ppc,2.8125,ITD
Hymenoptera,Dolichovespula.arctica,2,ppc,1.5,BL
Hymenoptera,Epeolus.helianthi,2,ppc,10.25,BL
Hymenoptera,Euodynerus.annulatus,2,ppc,13,BL
Hymenoptera,Halictus.manitonellus,2,ppc,9.25,BL
Hymenoptera,Megachile.texana,2,ppc,3.340833333,ITD
Hymenoptera,Melissodes.fremonti,2,ppc,12.25,BL
Hymenoptera,Osmia.coloradella,2,ppc,11,BL
Hymenoptera,Osmia.nigrifrons,2,ppc,10.5,BL
Hymenoptera,Pompiloides.sp,2,ppc,20,BL
Hymenoptera,Tenthredella.unicincta,2,ppc,11.25,BL
Hymenoptera,Titusella.pronitens,2,ppc,7.25,BL
Hymenoptera,Vespula.pensylvanica,2,ppc,19,BL
Hymenoptera,Xylota.angustiventris,2,ppc,11,BL
Hymenoptera,Bombus.pennsylvanicus,1,ppc,4.588888889,ITD
Hymenoptera,Andrena.imitatrix,1,ppc,1.9,ITD
Hymenoptera,Colletes.sp,1,ppc,11.5,BL
Hymenoptera,Crabro.sp,1,ppc,12,BL
Hymenoptera,Agathis.vulgaris,1,ppc,8,BL
Hymenoptera,Andrena.braccata,1,ppc,3.0375,ITD
Hymenoptera,Andrena.gardineri,1,ppc,10,BL
Hymenoptera,Andrena.lewisi,1,ppc,8,BL
Hymenoptera,Andrena.placida,1,ppc,10.5,BL
Hymenoptera,Anthidium.tenuiflorae,1,ppc,10,BL
Hymenoptera,Anthophora.bomboides,1,ppc,3.7,ITD
Hymenoptera,Anthophora.neomexicana,1,ppc,3.7,ITD
Hymenoptera,Anthophora.occidentalis,1,ppc,15,BL
Hymenoptera,Apanteles.sp,1,ppc,4,BL
Hymenoptera,Bembix.spinolae,1,ppc,22,BL
Hymenoptera,Bombus.dorsalis,1,ppc,10.5,BL
Hymenoptera,Bracon.helena,1,ppc,3.32,BL
Hymenoptera,Bracon.vulgaris,1,ppc,3.32,BL
Hymenoptera,Chrysis.densa,1,ppc,9,BL
Hymenoptera,Chrysis.lauta,1,ppc,9,BL
Hymenoptera,Clisodon.sp,1,ppc,10.5,BL
Hymenoptera,Colletes.sieverti,1,ppc,10,BL
Hymenoptera,Dolichovespula.diabolica,1,ppc,14.25,BL
Hymenoptera,Ectemnius.dilectus,1,ppc,10,BL
Hymenoptera,Ectemnius.montanus,1,ppc,10,BL
Hymenoptera,Ectemnius.muricatus,1,ppc,10,BL
Hymenoptera,Foenus.perplexus,1,ppc,11,BL
Hymenoptera,Glypta.sp,1,ppc,7.56,BL
Hymenoptera,Halictus.fendleri,1,ppc,9.25,BL
Hymenoptera,Halictus.lerouxi,1,ppc,10,BL
Hymenoptera,Lithurgopsis.apicalis,1,ppc,12,BL
Hymenoptera,Megachile.gemula,1,ppc,3.225,ITD
Hymenoptera,Megachile.vidua,1,ppc,13.5,BL
Hymenoptera,Melissodes.aurigenia,1,ppc,12.75,BL
Hymenoptera,Melissodes.sp,1,ppc,12.25,BL
Hymenoptera,Microdon.cothurnatus,1,ppc,7.9,BL
Hymenoptera,Monumetha.argentifrons,1,ppc,12,BL
Hymenoptera,Omalus.sp,1,ppc,4.7,BL
Hymenoptera,Ophion.sp,1,ppc,14.5,BL
Hymenoptera,Osmia.abnormis,1,ppc,10.5,BL
Hymenoptera,Osmia.albolateralis,1,ppc,10.3,BL
Hymenoptera,Osmia.bella,1,ppc,9,BL
Hymenoptera,Osmia.brevis,1,ppc,10.5,BL
Hymenoptera,Osmia.coloradensis,1,ppc,8,BL
Hymenoptera,Osmia.megacephala,1,ppc,15.5,BL
Hymenoptera,Osmia.pusilla,1,ppc,10.5,BL
Hymenoptera,Osmia.wardiana,1,ppc,10,BL
Hymenoptera,Oxybelus.sp,1,ppc,5.25,BL
Hymenoptera,Prosopis.coloradensis,1,ppc,4.4,BL
Hymenoptera,Prosopis.cressoni,1,ppc,4,BL
Hymenoptera,Prosopis.sp,1,ppc,5.13,BL
Hymenoptera,Prosopis.tridentula,1,ppc,5.13,BL
Hymenoptera,Psithyrus.ashtoni,1,ppc,17.5,BL
Hymenoptera,Psithyrus.fernaldae,1,ppc,15.75,BL
Hymenoptera,Sphex.vulgaris,1,ppc,28.5,BL
Hymenoptera,Tenthredella.flavomarginis,1,ppc,11.25,BL
Hymenoptera,Xeromelecta.californica,1,ppc,11,BL
Hymenoptera,Xylota.nigra,1,ppc,9,BL
Hymenoptera,Bombus.lapidarius,528,snk,4.1,ITD
Hymenoptera,Bombus.pascuorum,48,snk,4.1,ITD
Hymenoptera,Bombus.vestalis,23,snk,5.68,ITD
Hymenoptera,Bombus.pratorum,17,snk,3.9,ITD
Hymenoptera,Apis.mellifera,14,snk,3.3,ITD
Hymenoptera,Bombus.terrestris,14,snk,4.55,ITD
Hymenoptera,Anthophora.plumipes,5,snk,4.5,ITD
Hymenoptera,Andrena.chrysosceles,2,snk,1.97,ITD
Hymenoptera,Bombus.hortorum,1,snk,5.77,ITD
Hymenoptera,Andrena.pubescens,1,snk,1.4,BL
Hymenoptera,Lasioglossum.calceatum,1,snk,1.7,ITD
Hymenoptera,Lasioglossum.villosulum,1,snk,1.3,ITD
Hymenoptera,Cephus.pygmaeus,1,snk,8,BL
Hymenoptera,Stenomacrus.sp,1,tun,3,BL
Lepidoptera,Celastrina.argiolus,2,bwk,35,WS
Lepidoptera,Eupyses.vestris,1,bwk,32,WS
Lepidoptera,Phalaenophana.pyramusalis,1,bwk,10,BL
Lepidoptera,Pieris.napi,1,bwk,46,WS
Lepidoptera,Poanes.hobomok,1,bwk,30,BL
Lepidoptera,Urbanus.dorantes,4,gsv,44,WS
Lepidoptera,Pyrgus.oileus,3,gsv,35,WS
Lepidoptera,Eurema.nise,2,gsv,40,WS
Lepidoptera,Heliopetes.arsalte,2,gsv,40,WS
Lepidoptera,Cogia.calchas,1,gsv,37.5,WS
Lepidoptera,Junonia.evarete,1,gsv,51,WS
Lepidoptera,Pompeius.amblyspila,1,gsv,24.5,BL
Lepidoptera,Urbanus.simplicius,1,gsv,44,WS
Lepidoptera,Maniola.jurtina,63,hnk,52.5,WS
Lepidoptera,Lasiommata.megera,10,hnk,45,WS
Lepidoptera,Thymelicus.sp,9,hnk,28,WS
Lepidoptera,Lycaena.phlaeas,8,hnk,33.5,WS
Lepidoptera,Micromoth.sp,6,hnk,NA,NA
Lepidoptera,Polyommatus.icarus,5,hnk,35,WS
Lepidoptera,Zygaena.filipendulae,5,hnk,32.5,WS
Lepidoptera,Ochlodes.venata,3,hnk,34,WS
Lepidoptera,Autographa.sp,2,hnk,37.5,WS
Lepidoptera,Cauchas.rufimitrella,1,hnk,11,WS
Lepidoptera,Oligia.sp,1,hnk,23.5,WS
Lepidoptera,Pyronia.tithonus,1,hnk,43.5,WS
Lepidoptera,Euchlo.creusa,7,nca,30,WS
Lepidoptera,Lycaenopsis.argiolus,2,nca,35,WS
Lepidoptera,Adela.purpurea,20,otw,7,BL
Lepidoptera,Thymelicus.lineola,10,otw,28.5,WS
Lepidoptera,Erynnis.martialis,8,ppc,35.5,WS
Lepidoptera,Parnassius.smintheus,6,ppc,54.5,WS
Lepidoptera,Gnophaela.vermiculata,5,ppc,54,WS
Lepidoptera,Argynnis.atlantis,4,ppc,60,WS
Lepidoptera,Atrytone.taxiles,4,ppc,33,WS
Lepidoptera,Erebia.epipsodea,4,ppc,46.5,WS
Lepidoptera,Lycaena.rubidus,4,ppc,30,WS
Lepidoptera,Speyeria.mormonia,4,ppc,49.5,WS
Lepidoptera,Coenonympha.pamphilus,3,ppc,36,WS
Lepidoptera,Lycaena.helloides,3,ppc,34,WS
Lepidoptera,Oeneis.macounii,3,ppc,63.5,WS
Lepidoptera,Satyrus.charon,3,ppc,38.5,WS
Lepidoptera,Brenthis.triclaris,2,ppc,49,WS
Lepidoptera,Ctenucha.sp,2,ppc,45,WS
Lepidoptera,Hyles.lineata,2,ppc,76.5,WS
Lepidoptera,Parnassius.clodius,2,ppc,56,WS
Lepidoptera,Pyrameis.atlanta,2,ppc,47.5,WS
Lepidoptera,Brenthis.helena,1,ppc,49,WS
Lepidoptera,Ceratomia.lignaria,1,ppc,93,WS
Lepidoptera,Colias.alexandra,1,ppc,47.5,WS
Lepidoptera,Colias.edwardsi,1,ppc,39.5,WS
Lepidoptera,Colias.eurytheme,1,ppc,52.5,WS
Lepidoptera,Colias.scudderi,1,ppc,44.5,WS
Lepidoptera,Erynnis.propertius,1,ppc,40,WS
Lepidoptera,Euphilotes.battoides,1,ppc,16.5,WS
Lepidoptera,Limenitis.weidemeyerii,1,ppc,76,WS
Lepidoptera,Lintneria.separatus,1,ppc,120,WS
Lepidoptera,Melitaea.whitneyi,1,ppc,36.5,WS
Lepidoptera,Nathalis.iole,1,ppc,26,WS
Lepidoptera,Oeneis.uhleri,1,ppc,47,WS
Lepidoptera,Papilio.rutulus,1,ppc,85,WS
Lepidoptera,Pieris.protodice,1,ppc,50.5,WS
Lepidoptera,Polygonia.hylas,1,ppc,54.5,WS
Lepidoptera,Pontia.sisymbrii,1,ppc,37.5,WS
Lepidoptera,Synanthedon.albicornis,1,ppc,19,WS
Lepidoptera,Maniola.jurtina,148,snk,52.5,WS
Lepidoptera,Lycaena.phlaeas,1,snk,33.5,WS
Lepidoptera,Eupithecia.pusillata,3,tun,19,WS
Lepidoptera,Syngrapha.borea,3,tun,32.5,WS
Lepidoptera,Lasiestra.leucocycla,2,tun,25,WS
Lepidoptera,Clossiana.chariclea,1,tun,31.5,WS
Lepidoptera,Colias.hecla,1,tun,41.5,WS
Lepidoptera,Eurois.occulta,1,tun,55,WS
Lepidoptera,Syngrapha.u-aureum,1,tun,35,WS
NA,Agiotes.stabilis,2,bwk,NA,NA
NA,Anosymia.sp,1,hnk,NA,NA
NA,Andronicus.sp,4,ppc,NA,NA
NA,Psammophila.violacepennis,1,ppc,NA,NA
Thysanoptera,Thysanoptera.sp,2,tun,1.5,BL
NA,Xylocopa.sp.,3,cer,NA,NA
NA,Ancyloscelis.sp.,1,cer,NA,NA